(be) adept at ～,～に熟練した
(be) attuned to ～,～に順応した、調和した、波長が合った
a spate of ～,相次ぐ/一連の/多数の～
 abate[動],和らぐ、治まる、少なくなる
 abdicate[動],（地位、権利などを）放棄する、退位する
 aberration[名],異常、常軌を逸すること
 abject[形],悲惨な、みじめな
 abominable[形],嫌悪感を引き起こす、言語道断な
 abomination[名],嫌悪を引き起こすもの、嫌悪の対象
 aboveboard[形],公明正大な
 abrasive[形],いらいらさせる、不快な、耳障りな、(表面が）ざらさらした
 abridged[形],要約された、短縮された
 abrogate[動],破棄する、廃止する
 abruptly[副],不意に、突然
 abscond[動],逃げる、逃亡する、姿をくらます
absolve ～ of/from …,～を …の罪（責任）から無罪放免する
 absolve[動],～が無実であると認める
 abstention[名],自制、(投票の）棄権
 abstinence[名],節制、禁欲
 absurdity[名],不合理、不条理、ばかげた行為
 abundance[名],豊富さ、大量、豊富なこと
 abuse[動],乱用する、虐待する
 abyss[名],溝、深淵
accede to ～,～に同意する/従う/加盟する、～を受け継ぐ
 accelerate[動],加速させる、促進する
 accentuate[動],を際立たせる、強調する
 acclaim[動],賞賛する
 acclaim[名],大かっさい、賞賛
 accomplice[名],共犯者
 accost[動],近づいて声をかける
 accreditation[名],認可、公認、認定
 accrue[動],（利益などが）生じる、増加する
 accusation[名],告発
 acolyte[名],従者、信奉者、助手
acquiesce in/to ～,～を黙認する、～に（不本意ながら）同意する
 acrimony[名],(口調などの）とげとげしさ、辛辣さ
 acute[形],（痛みが）鋭い、急性の、(事態が）深刻な、重大な
 adamant[形],決意の固い、断固とした
 addendum[名],補遺、付録
 addictive[形],中毒性のある、習慣性のある
 address[動],～（問題など）に取り組む/対処する、～（問題など）を取り扱う
 adequate[形],十分な、適切な
 adherent[名],支持者、信奉者
 adjacent[形],近くの、（～に）隣接した (to ～)
 adjourn[動],（会議などを）中断する、一時休止する
 adjudicate[動],（～（事件など）を）裁く (on ～)
 adjunct[形],非常勤の、補助の、（～に）付属の (to ～)
 administer[動],管理する、運営する
 admonish[動],～に忠告する、～を諭す
 adolescent[形],青年期の、思春期の
 adorn[動],を（～で）飾る、装飾する
 adorn[動],（…で）～を飾る、装飾する (with …)
 adroit[形],巧みな、器用な、機敏な、気の利いた
 adulation[名],お世辞、へつらい、極端な賞賛、お世辞、追従
 advent[名],出現、到来
 adversarial[形],敵対的な
 advocate[名],提唱者、支持者、弁護人
 aesthetically[形],美的に、美的観点から
 affability[名],愛想の良さ
 affiliation[名],提携、加入
 affinity[名],親近感、共感、類似性
 affix[動],添付する、添える
 affliction[名],苦痛、苦難
 affluent[形],裕福な、豊富な
 agape[形],（口を）ぽかん／大きくと開けた
 agenda[名],議事、議題、議事日程
 aggravate[動],悪化させる、悩ませる
 agility[名],敏捷性、機敏さ
 agitate[動],扇動する、動揺させる
 agnostic[形],不可知論の、不可知論的な
 agrarian[形],農地の、農業の、農民の
 ailment[名],（慢性的な）病気、不快
 alacrity[名],機敏さ、敏捷さ
 albeit[接],～とはいえ、たとえ～といえども
 alienate[動],遠ざける、無視する、疎外する
 alienation[名],疎外すること、疎外感、疎遠
 alignment[名],整列、連携
 allegedly[副],申し立てによると、伝えられるところによると
 alleviate[動],（苦痛などを）軽減する、和らげる
 alliance[名],同盟、提携
 allocate[動],割り当てる、配分する
 allude[動],ほのめかす、暗に示す
 aloof[形],よそよそしい、親しみのない、距離を置いた
 amass[動],蓄積する、集める
 ambient[形],周囲の、環境の
 ambiguous[形],曖昧な、不明瞭な、どちらともとれる
 ambivalence[名],相反する感情、ためらい
 ambivalent[形],どっちつかずの気持ちを抱いている、どちらか決めかねている
 ambush[動],待ち伏せて急襲する
 ambush[名],待ち伏せ、奇襲
 ameliorate[動],改善する
 amenable[形],従順な
 amend[動],（法律などを）修正する
 amendment[名],改正、修正、修正条項
 amenity[名],生活を快適にする施設/環境、アメニティ、快適さ
 amicable[形],友好的な
 amid[前],～のただ中に、～の真ん中に
 amity[名],友好、親善
 ammunition[名],弾丸、弾薬、論拠となる情報
 amnesty[名],恩赦
ample[形],豊富な、十分すぎるほどの
 amplify[動],詳しく述べる
 anachronism[名],時代錯誤、時代遅れ（の人/物）
 analogous[形],類似した
 anatomy[名],（生物の）生体構造、解剖学的構造、組織
 anemic[形],貧血（症）の、元気のない、無気力な
 angst[名],不安、懸念
 animosity[名],敵意、憎悪
 annex[動],併合する、付け加える
 annihilate[動],全滅させる、完全に破壊する
 annihilation[名],絶滅、せん滅
 annotate[動],（本などに）注釈をつける
 annotation[名],注釈
 annulment[名],取り消し、無効の宣告
 anoint[動],指名する
 anoint[動],軟膏を塗る
 anomaly[名],異例な物（人）、破格、例外
 anonymous[形],匿名の
 antagonistic[形],敵対する、対立する
 antagonize[動],～の反感を買う、～を苛立たせる
 antibiotic[名],抗生物質
 antipathy[名],嫌悪、反感
 apathetic[形],無関心な、感情のない、冷淡な
 apathy[名],無感動、無関心
 apex[名],頂点、頂上、先端
 appalled[形],唖然としている、愕然としている
 appease[動],なだめる、鎮める、和らげる
 append[動],つけ加える、付け足す
 appraise[動],評価する、値を付ける
 apprehend[動],逮捕する
 aptitude[名],才能、適性
 arbitrary[形],任意の、恣意的な、気まぐれな
 arbitrate[動],仲裁する
 archaeologist[名],考古学者
 archaic[形],古語の、古めかしい、古代の
 archipelago[名],群島、諸島
 ardor[名],熱心、熱意
 arduous[形],骨の折れる、難儀な、つらい
 arid[形],乾燥した、不毛の、（話などが）つまらない
 array[名],配列、隊列
 arrears[名],滞納金、未払い金
 arrogant[形],横柄な、無礼な、傲慢な
 articulate[形],(人が）明瞭に話す能力がある、はっきりと発音された、(意味などが）はっきりと伝わる
 artifact[名],人工物、工芸品、加工品、人工遺物
 ascension[名],上昇、即位
 ascetic[形],禁欲的な、禁欲主義の
 askew[形],斜めに、傾いて、間違って
 assail[動],襲撃する、責め立てる、悩ませる
 assault[動],暴行する、襲撃する
 assertive[形],断言的な、断定的な
 assessment[名],評価、査定、（環境などの）アセスメント
 asset[名],資産、財産
 assiduous[形],根気強い
 assimilate[動],同化する、吸収する
 assuage[動],（苦痛・不安などを）和らげる、緩和する
 astound[動],仰天させる、がくぜんとさせる
 asylum[名],亡命、庇護、保護施設
 atrocity[名],残虐、非道、残虐行為
 attenuate[動],低くする、弱める
 attic[名],屋根裏部屋
 attire[名],服装
attribute ～ to …,～の原因を…に帰する
 attribute[名],特性、属性
 attrition[名],（人員などの）自然減、磨滅、消耗
 auditorium[名],講堂、大講義室、公会堂
 augment[動],（～を）増やす、増補する
 auspice[名],保護、援助、後援
 austere[形],厳粛な、簡素な、質素な
 authentic[形],真正な、本物の
 authoritative[形],権威のある、信頼できる
 autism[名],自閉症
 autonomy[名],自治、自治権、自主性
 autopsy[名],検死
 auxiliary[形],補助の、付加的な、援助の
 averse[形],嫌って、反対して
 avert[動],防ぐ、避ける、（目などを）そむける
 avid[形],熱心な、熱烈な
 axis[名],軸、軸線
 backlash[名],反動、反発、反感
 backlog[名],未処理の仕事、在庫
 baffle[動],困惑させる
 bail[名],保釈、保釈金
 balance[名],（銀行の）残高
balk at ～,～をためらう
 ballot[名],票、投票、投票用紙
 banal[形],ありふれた、陳腐な
 banish[動],追放する、追い払う
 bankruptcy[名],破産、倒産
 barrage[名],集中砲火
 barren[形],（土地が）不毛の、(動物が)不妊の
bear/take the brunt of ～,~の矢面に立つ
 beckon[動],手招きする、合図する、招き寄せる
 bedraggled[形],みすぼらしい、ぐしょぐしょに濡れた/汚れた
 belittle[動],見くびる、軽視する
 bellicose[形],好戦的な、けんか腰の
 belligerent[形],好戦的な、交戦中の
 bellow[動],怒鳴る、大声で鳴く
 benchmark[名],尺度、基準、水準点
 benediction[名],祝福、感謝の祈り
 beneficiary[名],（保険、年金など）受取人、恩恵を受ける人
benevolently[副],情け深く、慈悲深く
 benign[形],（腫瘍などが）良性の
 benign[形],優しい、温和な
 bent[名],素質、才能、性向
 bent[形],曲がっている、湾曲した、ねじれた
 berate[動],叱る、咎める
bereave ～ of …,～から… を奪う
 bereaved[形],死別された、先立たれた
 berserk[形],荒れ狂った、狂暴な
 besiege[動],包囲する、包囲攻撃する
 bestow[動],与える、授ける
 bewitched[形],魅了された、とりこになった
 bias[名],偏見、先入観
 bicker[動],（ささいなことで）口論する
 bigot[名],偏狭な人、頑固者、排他的な人
 billow[動],大きく波うつ、（帆などが）膨らむ
 bionic[形],生体工学の、超人的な
 bizarre[形],風変りな、異様な
 bland[形],薄味の、穏やかな、温和な、面白みのない
 blatantly[副],あからさまに、露骨に
 bleak[形],暗い、希望のない、寒々しい、荒れはてた
 blink[動],まばたきする
 blissful[形],至福の
 bluff[動],はったりをかける、だます
 blunder[名],大失敗
 bluntly[副],ぶっきらぼうに、無遠慮に、単刀直入に
 blur[動],ぼやかす、ぼかす
 blurt[動],うっかり口にする
 bogus[形],にせの、いんちきの
 bolster[動],元気付ける、高める、強化する
 bombard[動],攻め立てる、を砲撃する、(質問などを)浴びせる
 boon[名],恩恵、恵み
 bountiful[形],豊富な、物惜しみしない
 bounty[名],（自然の）恵み、報奨金
 bout[名],（病気、不快の）一時的な期間、発作
 brag[動],自慢する
 brandish[動],見せびらかす、誇示する、（威嚇のために）振りかざす
 brash[形],不作法な、厚かましい、生意気な
 brazen[形],ずうずうしい、厚かましい
 breach[動],（壁などを）破壊する、（規則などを）破る
 breakthrough[名],飛躍的進歩、躍進
 brevity[名],（表現などの）簡潔さ、短さ
 bridle[動],（怒りを表すために）つんとする
 brink[名],縁、際、間際
 broach[動],（話題などを）を切り出す
 bucolic[形],田舎の
 buffer[名],緩衝物
 bulge[動],膨れる、膨らむ
 bungle[動],しくじる、へまをする
 bungling[形],手際の悪い、へまな
 bunker[名],（ゴルフの）バンカー、燃料置場、掩蔽壕（えんぺいごう）（※地下にある兵士の避難所）
 buoyant[形],浮揚性の、浮力がある
 burgeon[動],急増する、急成長する
 burnished[形],磨き上げられた、つやのある
 cagey[形],話したがらない
 cajole[動],言いくるめる、おだてて丸め込む
 calamity[名],災難、災害
 caliber[名],器量、力量、銃の口径
 calibration[名],較正、キャリブレーション
 camaraderie[名],友愛、仲間意識
 candid[形],包み隠しのない、率直な、公平な
 candor[名],素直さ、誠実さ、公平
 canvass[動],（支持など）を求める、遊説する
 capricious[形],気まぐれな、移り気な
 captivation[名],魅力、魅惑
 captive[形],捕らわれた、捕獲された
 cardinal[形],主要な、基本的な
 cardiovascular[形],心臓血管の
 caricature[名],風刺画、風刺文
 carnivorous[形],肉食性の
 carve[動],彫る、刻む
 catalyst[名],触媒
 catastrophe[名],破滅的状況、大惨事、大災害
 catastrophically[形],壊滅的に、恐ろしいまでに
 caustic[形],手厳しい、辛辣な
 cavalier[形],思慮に欠ける、軽率な、無頓着な
 cavernous[形],洞窟のような
 cease[動],中止する、終わる
 celibate[形],独身主義の、禁欲主義の
 censure[名],非難、不信任
 cerebral[形],知性の、脳の
 certitude[名],確信、確実性
 chafe[動],いら立つ
 chant[動],詠唱する
 chaotic[形],混沌とした、無秩序な
 charade[名],謎解き、言葉当て遊び、見せかけ、見え透いたごまかし
 cherish[動],心に抱く、大事にする
 chisel[動],のみで彫る
 chore[名],雑用
 chronic[形],慢性の、慢性的な
 chronicle[動],年代記に記録する
 chronicle[名],年代記、記録
 chuckle[動],くすくす笑う
 chunky[形],分厚い、重厚な、塊の
 churn[動],攪拌する
 cinch[名],簡単なこと
 cipher[名],暗号、暗号文書
 circulate[動],広まる、配布される、循環する
 circumlocution[名],回りくどい表現、遠回しな言い方
 circumvent[動],回避する
claim[動],要求する、言い張る、主張する
 clairvoyant[形],千里眼の、透視力を持つ
 clarify[動],明らかにする
 classified[形],機密扱いの
 clemency[名],寛大さ、慈悲
 clique[名],小集団、派閥
 clobber[動],ひどく負かす、酷評する
 clump[動],群れをなす、重い足取りで歩く
 clumsy[形],下手な、不器用な、ぎこちない
 cluster[名],集団、束
 clutter[動],散らかす
 coalition[名],有志連合、（政党などの）連立
 coarse[形],きめの粗い、ざらざらした、粗野な
 coerce[動],強要する
 cogitate[動],熟考する
 cognition[名],認識、認知
 cognitive[形],認知の、認知に関する
 coherent[形],首尾一貫した、理路整然とした
 cohesive[形],結合力のある、粘着する
 coin[動],造語する、鋳造する
 coincidence[名],（偶然の）一致、同時発生
 collaborate[動],協力する、共同する
 collateral[名],担保（物件）
 collation[名],照合作業、（書物の）ページ合わせ
 collision[名],衝突、対立
 coma[名],こん睡状態
 combustion[名],燃焼
 commence[動],開始する
 commend[動],ほめる、推奨する
 commiserate[動],同情する、哀れむ
 commitment[名],傾倒、献身、約束
 commodity[名],商品、日用品、産物
 commonplace[形],平凡な、ありふれた
 commotion[名],騒動、動揺
 communal[形],共同の、公共の、共同社会の
 commutation[名],減刑
 compassion[名],同情、あわれみ
 compatible[形],互換性がある、両立可能な
 compile[動],編集する、編纂する
 complex[名],複合体、複合施設、総合ビル
 compliance[名],追従、順守
 complimentary[形],優待の、無料の
 composure[名],落ち着き、平静
 comprehensive[形],包括的な、広範囲な
 comprise[動],（～から）成る、（～を）包含する、（～を）構成する
 compunction[名],良心の呵責
 conceal[動],隠す、隠ぺいする
 concede[動],譲歩する、（しぶしぶ）認める
 conceit[名],うぬぼれ
 concession[名],譲歩
 concoct[動],（飲食物などを）混ぜ合わせて作る、企てる
 concur[動],賛成する、同時に起こる
 concussion[名],脳震とう
 condemnation[名],（激しい）非難
 condescending[形],人を見下すような、いばった、偉そうな
 condescension[名],見下し、偉そうな態度
 condiment[名],薬味、香辛料
 condolence[名],弔意、悔やみ、哀悼の辞
 condone[動],許す、大目に見る
 conducive[形],助けとなる、貢献する
 confer[動],授与する、授ける、話し合う、協議する
 confidential[形],機密の、マル秘の
 configuration[名],配置、形状、配列
 confinement[名],監禁、制限
 confiscation[名],没収
 conflate[動],合成する、まとめる
 conformist[名],（習慣・体制に）従う人
 confound[動],当惑させる、混乱させる
 confrontational[形],対立的な
 conglomerate[名],複合企業
 congregate[動],集まる、集合する、召集する
 conjecture[名],推測
 conjugate[動],（動詞）を活用させる、変化させる
 connive[動],共謀する
 connotation[名],言外の意味、含蓄
 conscience[名],良心、分別
 conscription[名],徴兵制
 consecration[名],聖職叙任式
 consequently[副],その結果として
 consolidate[動],強固にする、統合する
 consort[動],付き合う、一致する
 consort[名],（王国・女王などの）配偶者
 consortium[名],共同企業体、合弁企業
 conspicuous[形],人目を引く、目立つ
 conspiracy[名],陰謀、共謀
 constituency[名],有権者、選挙区
 constitutional[形],憲法上の
 constrain[動],抑制する、を強いる
 constriction[名],締めつけ
 consummate[形],完成された
 contagious[形],接触伝染性の、伝染しやすい
 contaminate[動],汚染する
 contamination[名],汚染
 contemplate[動],熟考する
 contemplative[形],めい想的な
 contemporary[形],現代の、現代的な
 contend[動],主張する、争う
 contiguous[形],隣接した
 contingency[名],不測の事態、偶発事故
 contraband[名],密輸品
contradict[動],矛盾する、否定する、反論する
 contradictory[形],矛盾した
 contraption[名],（機械の）新案、工夫
 contrivance[名],計略、考案物
 contrive[動],を考え出す、を発明する
 contrived[形],不自然な、わざとらしい
 controversial[形],物議を呼ぶ、議論の余地のある
 conventional[形],伝統的な、因習的な、従来の
 converge[動],収束する
 convergence[名],集中、収束
 conversion[名],転換、改宗、換算
 convict[動],有罪を宣告する
 conviction[名],確信、有罪判決
 conviviality[名],陽気な行動、にぎやかさ
 convoluted[形],（議論などが）複雑な、渦巻き状の
 cordial[形],思いやりのある、心からの
 correlation[名],相互（相関）関係、相関性
 corrode[動],腐蝕させる
 corrosive[形],腐食性の、浸食する、むしばむ
 cortex[名],皮質
 counterfeit[名],偽造、贋作
 counterfeit[形],偽造の
 counterfeiter[名],偽造者
 counterpart[名],相当/対応する物（人）
 countless[形],無数の、数え切れない
 courier[名],運搬人、急送便会社（業者）
 coverage[名],取材、報道
 covert[形],隠された、内密の
 cozy[形],居心地のよい
 crabby[形],気難しい、不機嫌な
 crackdown[名],取り締まり
 cramp[名],痙攣、（足の）つり、急激な腹痛
 cranky[形],いらいらした、機嫌の悪い、変人の
 craze[名],熱狂的な流行
 credibility[名],信用できること、信頼性
 credulity[名],すぐに信じ込む性質、だまされやすいこと
 creed[名],（宗教上の）信条
 crest[名],頂上、鳥のとさか、紋章
 cripple[動],肢体を不自由にする
 criterion[名],基準、尺度
 critical[形],重大な、決定的な、危機的な、
 crucial[形],重要な、決定的な
 crude[形],天然の、未精製の、粗雑な
 cryptic[形],暗号の、秘密の、謎めいた
 culpability[名],過失の原因、責任、罪
 culpable[形],有罪の、避難に値する
 culprit[名],原因（となるもの）、犯人
 cumulative[形],累積の、累積的な
 curb[動],抑える、抑制する
 curfew[名],門限
 cursory[形],大まかな、せっかちの、ぞんざいな
 curtail[動],削減する、短縮する、制限する、切り詰める
 curtly[副],ぶっきらぼうに、そっけなく
 custody[名],養育権、保護、拘留
 dainty[形],上品な、優美な、きゃしゃな
 dangle[動],ぶら下がる、垂れる
 dank[形],じめじめした、湿っぽくて寒い
 dart[動],突進する、投げる
 daunting[形],手ごわい、困難な
 dawdle[動],ぐずぐずする、時間を無駄に過ごす
 dazzle[動],の目をくらませる
 de facto[形],事実上の
 deadlock[名],行き詰まり
 dearth[名],不足、欠乏
 debar[動],締め出す、禁ずる
 debit[動],（金額などを）引き落とす
 debrief[動],結果を聞く、報告を受ける
 debris[名],がれき、破片、残骸、がらくた
 debtor[名],負債者、借金をしている人
 debunk[動],誤りを暴く、誤りを証明する
 decant[動],（ワインなどを）別の容器へ注ぐ
 decay[動],腐る、荒廃する、衰える
 deceased[形],死んだ
 decent[形],そこそこの、まともな、上品な
 deceptive[形],人を誤らせる、誤解を招くような
 decipher[動],解読する、判読する
 decor[名],装飾（様式）
 decree[動],（法令として）布告する、命じる
 decree[名],法令、布告
 decrepit[形],老いぼれた、老衰した
 decry[動],公然と非難する
 deduce[動],推定する、推論する、演繹する
 deduction[名],推論、演繹
 deem[動],～と見なす、～と考える
 deface[動],（表面を）汚す
 defamatory[形],中傷的な、名誉毀損の
 defame[動],中傷する
 defector[名],亡命者、離反者、脱党者
 defer[動],延期する
 deference[名],服従、敬意、尊敬
 deferential[名],敬意を表する
 deferment[名],延期
 defiance[名],挑戦、反逆、反抗
 deficiency[名],不足、欠乏
 deficit[名],赤字
 deflect[動],～をそらす、～の方向を変える
 defraud[動],だまし取る
 defunct[形],機能していない、現存しない
 defuse[動],信管を抜き取る、（～の）危険を取り除く、（～の）緊張をやわらげる
 defy[動],無視する、ものともしない
degrade[動],価値を下げる、地位を落とす、解体させる
 delectable[形],おいしい
 delegate[動],（権限や仕事を）委任する、任せる
 delegation[名],代表団、使節、派遣団
 deliberation[名],熟考
 delineate[動],くわしく説明する、輪郭を描く、描写する
 delinquent[形],非行の、義務不履行の
 deluge[名],洪水
 delusion[名],妄想
 demean[動],品位を下げる
 demeanor[名],態度、振る舞い
 demise[名],消滅、死去、終焉
 demographic[形],人口統計（学）の
 demolition[名],破壊、解体
 demoralized[形],意気消沈した
 demote[動],降格させる
 demur[動],demur
 den[名],書斎、私室、（動物の）巣（穴）、ねぐら
 denigrate[動],中傷する、侮辱する
 denote[動],示す、意味する、～の印である
 denounce[動],非難する
 dense[形],密集した、密度の高い、濃い
 depict[動],描く、描写する
 depiction[名],描写
 deplete[動],（資源などを）消耗する、使い果たす
 depletion[名],枯渇、減少
 deploy[動],配置する、配備する
 deportation[名],（外国人の）国外退去、本国送還
 deprecate[動],とがめる、軽んじる
 deprivation[名],剥奪、欠乏
 deputy[名],代理（人）、副官
 deregulate[動],（規制などを）撤廃する、自由化する
 derelict[名],遺棄物、社会的な落伍者
 deride[動],あざ笑う、ばかにする
 derive[動],（化合物を）抽出する、引き出す
 descendant[名],子孫、末裔
 desolate[形],荒廃した、不毛の
 despicable[形],いやしむべき
 destined[形],運命づけられた
 desultory[形],とりとめのない、散漫な
 detain[動],拘束する、引き留める
 detect[動],見つける、検出する、発見する
 detention[名],拘留、居残り
 deter[動],抑制する、抑止する、思いとどまらせる
 deteriorate[動],悪化する、悪化させる
 detest[動],嫌う
 detonate[動],爆発させる、起爆する
 detour[名],回り道、う回路
 detract[動],（価値などを）損なう、おとしめる
 detrimental[形],有害な、不利益の
 devastate[動],困惑させる、打ちのめす、荒廃させる
 devastation[名],破壊、荒廃
 deviate[動],（～から）逸脱する
 deviation[名],脱線、逸脱、偏差
 devious[形],遠回りの、曲がりくねった、遠隔の
 diagnose[動],（病気などを）診断する
 diagnosis[名],診断、分析
 diameter[名],直径
 diatribe[名],痛烈な非難
 dice[動],さいの目に切る
 dictate[動],指図する、書き取らせる
 diffuse[動],散らす、拡散する
 digression[名],（話などが）本題からそれること
 dilate[動],広がる
 dimension[名],側面、特質、次元
 diminish[動],減らす、小さくする
 diminutive[形],小さい、小柄の、ちっぽけな
 din[名],騒音
 disarmament[名],軍備縮小
 disavow[動],disavow
 disband[動],解体する、解散する
 discard[動],捨てる、廃棄する
 discern[動],見分ける、識別する
 discernible[形],認められる、識別できる
 discerning[形],明敏な、洞察力のある
 discharge[動],放出する
 disciplinary[形],訓練の
 disconcerting[形],当惑されるような、厄介な
 discontent[名],不満
 discourse[名],会話、講演、論文
 discredit[動],の信用を傷つける
 discreet[形],思慮分別のある、慎重な
 discrepancy[名],食い違い、不一致、相違
 disdain[動],軽蔑する、見下す
 disguise[動],変装させる、隠す
 disguise[名],変装
 disgust[名],嫌悪、反感
 dismal[形],陰気な、憂うつな
 dismantle[動],（機械などを）分解する
 dismiss[動],解散させる、散会させる
 dismissive[形],尊大な、軽蔑的な
 disoriented[形],方向がわからなくなった、頭が混乱した、道に迷って
 disparate[形],異質の、本質的に異なる
 disparity[名],相違
 dispatch[動],派遣する
 dispel[動],追い散らす、払い去る
 dispensable[形],たいして重要でない、なくても困らない
 dispensation[名],分配、施し、(分配の)制度/システム
 disperse[動],分散させる、追い散らす
 dispirited[形],意気消沈した
 displace[動],立ち退かせる、置き換える、取って代わる
 disposal[名],処分、処理、売却
 disposition[名],（人の）性質、気質、傾向
 disproportionately[副],過度に、非常に、不釣り合いに
 dispute[名],論争
 disrupt[動],破壊する、混乱させる、妨害する
 dissect[動],解剖する、切断する
 dissemble[動],（感情/本心などを）隠す、ふりをする
 disseminate[動],広める、流布させる
 dissension[名],意見の衝突、不和
 dissent[名],異議
 dissenting[形],異議のある、反対意見の
 dissertation[名],学位（博士）論文
 dissident[名],反体制派（の人）
 dissipate[動],散らす、追い払う
 dissolution[名],消滅、分解、溶解
 dissuade[動],説得して思いとどまらせる
 distend[動],膨らむ、膨らませる
 distinct[形],明らかに異なる、独特の
 distort[動],ゆがめる、ねじる
 distractedly[副],うわの空で
 distressing[形],悲惨な、苦悩に満ちた
 ditch[動],捨てる、溝に落とす、溝を掘る
 ditch[名],溝
 diverge[動],分かれる、分岐する、発散する
 diverse[形],多様な
 diversify[動],多様化する、多角化する
 diversion[名],迂回路、(進路などの)転換、気晴らし
 diversity[名],多様性
 divert[動],（注意などを）そらす
 dividend[名],配当、分け前
 divine[形],神聖な
 divulgence[名],暴露
 docile[形],柔順な
 dog[動],つきまとう
 dogmatic[形],独断的な、教義上の
 doomed[形],運命づけられた
 dormant[形],（火山が）活動休止中の、休眠中の
 downplay[動],重要視しない
 drab[形],（色が）くすんだ、地味な
 drag[動],引きずる、のろのろと動く
 drain[動],（液体を）流出させる、力を消耗させる
 drain[名],下水、排水
 drastically[副],思い切って、徹底的に
 drawback[名],欠点、難点
 dreary[形],退屈な、ものわびしい
 dredge[動],浚渫する、浚渫機でさらう
 dribble[動],したたらせる、ドリブルする
 droll[形],ひょうきんな
 drool[動],よだれを垂らす
 dub[動],（人にあだ名を）付ける、（人をあだ名で）呼ぶ
 dub[動],（映画などを）吹き替える、音響効果を加える、ダビングする
 dubious[形],疑わしい、いかがわしい
 due[名],会費
 dump[動],（ごみなど）をまとめて捨てる
 dupe[動],だます
 duplicate[動],複製する、複写する
 duplicity[名],二枚舌
 durability[名],耐久性（力）
 duration[名],継続、持続、継続時間（期間）
 dutifully[副],忠実に、従順に
 dwindle[動],徐々に縮小/減少する、だんだん衰える
 dynasty[名],王家、王朝
 ebb[名],引き潮
 ebullience[名],情熱、元気
 echelon[名],地位、（組織などの）階層
 eclipse[動],影を薄くさせる、（ほかの天体）を食にする
 ecstatic[形],恍惚とした、有頂天になった、熱狂的な
 edible[形],食べられる、食用の
 efficacious[形],効果のある
 efficacy[名],効き目、効能
 effigy[名],像、肖像
 elaborate[動],念入りに作る
 elaborate[形],手の込んだ、入念な
 elated[形],有頂天の、大得意の
 electoral[形],選挙の
 elevation[名],高さ、上昇
 elicit[動],引き出す、喚起する、聞き出す
 eligible[形],適格な、資格がある
 elimination[名],除去
 elocution[名],雄弁術、演説法
 elongate[動],長くする
 eloquent[形],雄弁な、説得力のある
 elucidate[動],を明らかにする、解明する
 elusive[形],理解しにくい、捕えにくい、逃げる
 emaciated[形],やつれた、やせ細った
 emancipate[動],～を解放する
 embargo[名],（輸出入などの）禁止措置
 embark[動],乗り出す、着手する
 embed[動],埋め込む、（心、記憶に）刻み込む
 embedded[形],埋め込まれた
 embellish[動],飾る、美しくする
 ember[名],残り火、燃えさし
 embezzle[動],横領する、使い込む
 embitter[動],〜に辛い思いをさせる、〜を悲しませる
 embody[動],具現化する
 embolden[動],励ます、大胆にする
 embrace[動],抱擁する、（考えなどを）受け入れる、（中に）含む
 embryo[名],胚
 emigrate[動],（他国へ）移住する
eminence[名],（身分などの）高位、高貴
 empathic[形],共感を呼ぶ
 empathize[動],共感する
 empirically[副],実験結果に基づき
 empower[動],力をつける、権限を与える、自信を持たせる
 emulate[動],見習う、手本にする
 enact[動],（法律などを）制定する
 enamored[形],魅了された
 encapsulate[動],(カプセルに)包む、要約する
 enchant[動],魅了する
 encompass[動],を含む、包含する、を取り囲む
 encrypt[動],暗号化する
 encumber[動],妨げる
 endemic[形],（ある地方に）特有の、固有の
 endorse[動],（商品を）ほめる、推薦する
 endow[動],授ける、与える、寄付する
 endowment[名],寄付金、恵み、天賦の才能
 enforce[動],（法律などを）施行する
 enforcement[名],（法律などの）施行、実施
 engender[動],生じさせる、引き起こす
 engrossed[形],没頭した、夢中になった
 engulf[動],飲み込む
 enhance[動],（価値、能力などを）高める、向上させる、
 enigmatic[形],なぞのような
 enlighten[動],啓発する、啓蒙する
 enliven[動],を活気づける
 enmity[名],敵意、憎しみ
 enormous[形],巨大な、莫大な
 enroll[動],登録する、入会する
 ensue[動],続いて起こる、結果として起こる
 entail[動],必要とする、（必然的に）伴う
 entangle[動],もつれさせる、絡ませる
 enthrall[動],魅了する、夢中にさせる
 entice[動],誘惑する、おびき寄せる
 enticement[名],誘惑するもの、魅力
 entity[名],存在、実在する物
 entreaty[名],懇願
 entrepreneur[名],起業家、事業家
 entrust[動],任せる、ゆだねる
 entwine[動],絡ませる、絡み合わせる
 enumerate[動],列挙する
 envision[動],想像する、心に描く
 envoy[名],外交使節、公使、政府の特使
 enzyme[名],酵素
 epicenter[名],（地震の）震央、震源地
 epidemic[名],流行病、伝染病
 epidemic[形],伝染性の
 epiphany[名],ひらめき
 epitomize[動],の典型（権化、好例）である
 equilibrium[名],均衡、平衡
 equity[名],公平、公正
 equivalent[形],等しい、相当する、同等の
 equivocal[形],はっきりしない、両義にとれる
 equivocate[動],言葉を濁す
 eradicate[動],根絶する、撲滅させる
 erode[動],浸食する、腐食する、徐々に損なわれる
 erratic[形],不規則な、一貫性のない、異常な
 erroneous[形],誤った、間違った
 erudite[形],学究的な、博識の
 erudition[名],博学、博識
 erupt[動],爆発する、噴火する
 esoteric[形],難解な、深遠な、秘儀の
 espionage[名],スパイ行為、偵察
 esteem[動],尊敬する、尊重する
 ethical[形],倫理的な、倫理学上の
 eulogize[動],称賛する
 eulogy[名],賛辞、賞賛
 euphoric[形],幸福感に満ちた
 evacuate[動],避難させる、立ち退かせる
 evade[動],避ける、逃れる
 evaporate[動],蒸発する
 evoke[動],呼び起こす、喚起する
 evolve[動],進化する、発達する、発展する
 exacerbate[動],悪化させる、怒らせる
 exasperate[動],腹を立てる
 excavate[動],発掘する、穴を掘る
 excel[動],秀でている、卓越する
 exclusive[形],排他的な、独占的な
 excruciatingly[副],極度に、耐えがたいほど
 execute[動],死刑にする、処刑する
 exemplary[形],模範的な
 exemplify[動],例証する、良い例となる
 exempt[動],免除する
 exempt[形],免除された
 exert[動],（影響などを）及ぼす
 exhilaration[名],大喜び、陽気、ウキウキした気分
 exodus[名],大移動、大量出国
 exonerate[動],容疑を晴らす、無罪とする
 exorbitant[形],法外な、途方もない
 exorcism[名],悪魔払い
 expand[動],広げる、拡張する、拡大する
 expansively[副],広大に、広い視野で
 expedient[形],(目的達成に)役立つ
 expedite[動],はかどらせる、促進する
 expel[動],追放する、排出する
 expenditure[名],費用、出費、支出
 expertise[名],専門的知識、専門技術
 expiate[動],償う
 expire[動],期限切れになる、息をひきとる
 explicit[形],明白な、明確な、率直な
 exploit[動],利用する、つけ込む、搾取する、開発する
 exploratory[形],調査の、探検の
 exponential[形],急激な、指数関数的な
 expropriate[動],没収する、収用する
 expulsion[名],追放、除名、除籍
 expunge[動],抹消する
 exquisite[形],優美な、精緻な、洗練された
 exterminate[動],（害虫などを）駆除する
 extermination[名],絶滅
 externalize[動],言葉で表す、具体化する
 extinct[形],絶滅した
 extinction[名],絶滅、消滅
 extort[動],強要する、無理強いする
 extract[動],抽出する
 extrapolate[動],（既知の事柄から）推定する
 extraterrestrial[形],地球外の
 extravagant[形],浪費する、金遣いの荒い
 extrinsic[形],外在的な、非本質的な
 extrovert[名],外向性の人
 exuberant[形],生気あふれる、生き生きとした
 fabricate[動],作り上げる、でっちあげる、製作する
 facade[名],（建物の）正面、外見
 facet[名],（宝石、結晶などの）彫面、（物事の）一面
 facilitate[動],容易にする、促進する
 faction[名],党派、派閥
 faculty[名],能力、機能
 faculty[名],（大学の）教授陣、学部
 fallacy[名],誤った考え
 fallible[形],誤りを犯す、誤りを免れない
 famine[名],飢饉
 famished[形],飢えている
 fanatically[副],熱狂的に
 fatality[名],死亡者、死亡者数
 fatally[副],致命的に
 fathom[動],（深さを）測る、見抜く、理解する
 faze[動],困惑させる、ひるませる
 feasible[形],実現（実行）可能な
 feat[名],業績、功績
 felicitous[形],適切な、幸運な
 felicity[名],慶事、至福
 felony[名],重罪
 ferocious[形],どう猛な
 fertility[名],肥沃、多産、受精率
 fervor[名],熱烈（さ）、熱心（さ）
 fetter[動],拘束する
 fidelity[名],忠実（度／性）、忠誠、厳守
 fiendish[形],悪魔のような
 figment[名],作り事、絵空事
 filthy[形],卑猥な、不潔な
 fiscal[形],財政の、会計の
 flabbergasted[形],仰天した
 flak[名],激しい非難
 flamboyantly[副],派手に、大胆に、華麗に
 flattery[名],お世辞
 flawed[形],欠点がある
 flawless[形],傷のない、完全な
 flimsy[形],薄くて軽い、薄っぺらの、壊れやすい
 flinch[動],たじろぐ、尻込みする
 flourish[動],繁栄する、繁殖する、繁茂する
 flout[動],ばかにして従わない、無視する
 fluctuate[動],上下する、変動する
 flunk[動],（科目、学科を）落とす
 foil[動],失敗させる、挫折させる
 foist[動],押し付ける、だましてつかませる
 foliage[名],木の葉
 foment[動],助長する、扇動する
 footage[名],（映画の）一場面、シーン
 forage[動],（飼料、食糧を）探し回る
 forebode[動],（悪いこと）を予言する、虫が知らせる
 forensic[形],法廷の、法医学の、討論用の
 forfeit[動],失う、没収される
 forge[動],鍛造する、構築する
 forgo[動],なしですませる、慎む
 formidable[形],手ごわい、ぞっとするような
 fortification[名],要塞、とりで
 fortify[動],要さい化する
 fortress[名],要塞、とりで
 fortuitously[副],偶然に
 foster[動],促進する、育む
 founder[動],失敗する、沈没する
 fragility[名],壊れやすさ
 frail[形],ひ弱な、はかない、もろい
 frantic[形],熱狂した、狂乱した
 fraud[名],詐欺、不正行為
 fraught[形],困難な、緊迫した
 fray[名],争い、いさかい
 frazzle[動],くたくたに疲れさせる、ぼろぼろにすり切らす
 freight[名],貨物
 frenetic[形],熱狂した、狂乱の
 frigid[形],極寒の、寒さが厳しい
 fringe[名],へり、周辺部
 frisk[動],ボディチェックをする
 frugal[形],質素な、倹約する
 fruition[名],達成、実現
 fuel[動],煽る、助長する、増大させる
 fugitive[名],逃亡者
 full-fledged[形],本格的な、羽が生えそろった、一人前の
 fumble[動],手探りする、いじくる
 fumigate[動],〜を燻蒸消毒する
 futile[形],無駄な、無益な、くだらない
gadget[名],（小さい）道具、便利な小道具
 gait[名],足取り、走り方
 gall[名],ずうずうしさ、厚かましさ
 garble[動],（事実を）ゆがめる、誤って伝える、文字化けさせる
 garner[動],蓄える、獲得する、集める
 garnish[動],料理に添える、装飾する
 garrulous[形],おしゃべりな
 gaudy[形],派手な、けばけばしい
 gauge[動],測定する、評価する、判断する
 genetically[副],遺伝子的に
 genial[形],愛想のよい
 gimmick[名],巧妙な仕掛け、新機軸、からくり
 gist[名],要点
 glimpse[名],ちらりと見ること
 glitch[名],不調、故障
 gluttonous[形],食いしんぼうの、大食する、貪欲(どんよく)な
 gnaw[動],かみ切る
 goad[動],あおり立てる、駆り立てる
 gorge[名],谷間、峡谷
 gradient[名],勾配、傾き
 graffiti[名],落書き
 graft[名],移植（片）
 grasp[動],握る、把握する、理解する
 gratified[形],満足している
 gratify[動],～を喜ばせる
 gravity[名],重力、引力
 gregarious[形],社交的な、社交好きな、群生の
 grievance[名],不平、苦情
 grind[動],（粉などを）挽く、すりつぶす、を砕く
 gripe[動],不平、愚痴
 gristle[名],軟骨、すじ
 grouch[名],不平を言う人、ぼやく人
 grudge[名],恨み、遺恨、怨念
 grudgingly[副],しぶしぶ
 grueling[形],極度に疲れさせる、とても辛い（骨の折れる）
 grumble[動],不満を言う
 guarantee[動],保証する
 guise[名],（偽りの）外観、みせかけ、服装
 gullible[形],だまされやすい
 gulp[動],がぶがぶ飲む
 guzzle[動],がぶがぶ飲む、がつがつ食べる
 habitat[名],生息地、生息環境
 habitual[形],習慣的な、いつもの、普段の
 haggard[形],やつれた
 haggle[動],値切る、言い争う
 hallucinate[動],幻覚を見る
 halt[動],中止する、中断する
 hamper[動],邪魔する、妨げる
 haphazardly[副],無計画に、でたらめに
 harbinger[名],前触れ、前兆
 harbor[動],かくまう、隠す
 hardscrabble[形],（土地が）不毛の、やせた
 harness[動],(自然の力)を利用する、(馬)に馬具を付ける
 hatch[動],（卵が）かえる、孵化する
 haunt[動],（幽霊などが）出没する、つきまとう
 haven[名],避難所、保護区
 havoc[名],大混乱、大破壊
 hazard[名],危険
 hazardous[形],（化学物質などが）（人体に）有害な
 heave[動],持ち上げる
 hectic[形],慌ただしい、大変忙しい
 hedge[動],生け垣で囲む、囲んで保護する、（損害を）未然に防ぐ
 hedge[名],垣根、境界
 heed[動],耳を傾ける、気を付ける
 heedless[形],無頓着な、不注意な
 hefty[形],多量の、非常に重い
 heinous[形],極悪非道の
 heist[名],強盗
 hemisphere[名],半球
 hereditary[形],遺伝の
 heretic[名],異教徒
 heritage[名],伝統、遺産
 hibernate[動],冬眠する
 hinder[動],妨げる
 hindrance[名],妨害、邪魔、障害物
 hindsight[名],あとになっての判断
 hoard[動],蓄える
 hobble[動],びっこをひく
 holistic[形],全体論の
 homage[名],尊敬、（封建時代の）臣従の誓い、主従関係
 homogeneous[形],均質の、同種の、同質の
 hone[動],（能力などに）磨きをかける、（技能などを）磨く
 hostile[形],敵意のある、非友好的な
 hover[動],空中に停止する、うろつく
 hub[名],中心（地）、中核
 huddle[動],（寒さなどで）体を寄せ合う
 hull[名],船体、外皮、皮、穀、さや
 humiliate[動],自尊心を傷つける、恥をかかせる
 hunch[名],こぶ、固まり
 hybrid[形],雑種の、混成の、掛け合わせの
 hygiene[名],衛生、衛生管理状態、清潔
 hygienic[形],衛生的な
 hype[名],誇大宣伝
 hypnosis[名],催眠術、催眠状態
 hypnotize[動],催眠術をかける
 hypothesis[名],仮説、仮定
 hypothesize[動],仮説を設ける
 hypothetical[形],仮想的な、仮説の
 icon[名],像、アイコン
 identical[形],同一の
idiosyncrasy[名],特異性、独特な性癖
 idiosyncratic[形],独特な、一風変わった
 ignite[動],点火する
 ignominious[形],不名誉な、屈辱的な
 illegible[形],（文字などが）読みにくい、判定できない
 illiberal[形],偏狭な、狭量な
 illicit[形],違法な、不法な
 immaculate[形],少しも汚れていない、欠点のない、けがれのない
 imminent[形],差し迫った、切迫した
 immunity[名],免疫
 impair[動],損なう、弱める
 impalpable[形],触知できない、容易に理解できない
 impartiality[名],公平、公平さ
 impeach[動],弾劾する、非難する
 impeachment[名],非難、弾劾
 impede[動],妨げる、邪魔する
 impediment[名],障害、障害物
 impel[動],(感情などを)駆り立てる
 impending[形],差し迫った、切迫した
 imperative[形],必須の、避けられない、急務の
 imperious[形],傲慢な、横柄な
 impermeable[形],不浸透性の
 impersonal[形],人間味を欠いた、人間味のない、客観的な
 impervious[形],(精神などが)影響されない
 impetus[名],起動力、はずみ
 implant[動],～を植え付ける、～を移植する
 implement[動],実行する、実践する
 implicate[動],関係させる、巻き込む、含意する
 implicit[形],暗黙の
 implore[動],懇願する
 imposing[形],印象的な、人目を引く、堂々とした
 imposition[名],課税
 impound[動],押収する、囲い込む
 impoverish[動],貧しくする、質を低下させる
 impregnable[形],動じない、難攻不落の
 impromptu[形],即興の、準備なしの
 improvise[動],即興で演奏する、即席に作る
 imprudent[形],軽率な、思慮の浅い、無分別な
 impulse[名],衝動
 impulsive[形],衝動的な
 impunity[名],刑事免責、処罰を受けないこと
 impurity[名],不純物、不純、不潔
 inadvertently[副],何の気なしに、偶然に、うっかり
 inane[形],ばかげた、空虚な
 inanimate[形],生命のない、無生の、無生物の
 inaugurate[動],就任させる、始動させる
 inauguration[名],（大統領の）就任（式）
 incapacitate[動],無力化する、（能力、資格）を奪う
 incarcerate[動],投獄する
 incarnation[名],一時期の姿、前世、化身、権化
 incensed[形],憤慨した、激怒した
 incentive[名],誘因、（やる気を）駆り立てるもの
 inception[名],（活動、組織などの）開始、発端、創設
 incessant[形],絶え間のない
 incidence[名],発生、発生率
 incinerate[動],焼却する
 incipient[形],（病気などが）初期の
 incision[名],切開
 incisive[形],明敏な、鋭い
 incite[動],鼓舞する、励ます、刺激する
 inclement[形],荒れ模様の
 inclusive[形],包括的な
 incoherent[形],一貫性のない、つじつまの合わない
 incongruous[形],不調和な、不釣り合いな
 inconsequential[形],取るに足らない、重要でない
 incredulous[形],疑い深い
 increment[動],増加する
 incubator[名],保育器、起業支援者
 inculcate[動],（思想・知識などを）教え込む、植え付ける
 incumbent[名],現職者、在職者
 incumbent[形],現職の
 incur[動],（損害などを）被る、負う、招く
 indebted[形],恩を受けている
 indelible[形],消えない、決して消え去ることのない
 indemnity[名],損害賠償、賠償金
 indicative[形],はっきり示すような
 indictment[名],起訴、告発、非難、起訴状
 indigenous[形],原産の、先住の
 indignant[形],憤慨した、怒った
 indiscretion[名],軽率な言動、軽率さ
 indiscriminate[形],無差別の、見境のない
 indispensable[形],不可欠な、必須の
 indoctrinate[動],教え込む
 indolence[名],怠惰
 induce[動],引き起こす、誘発する、説得する
 induct[動],就任させる、任命する
 indyllic[形],牧歌的な、のどかな
 inept[形],技量に欠ける
 inert[形],不活性の、不活発な
 inertia[名],慣性、惰性、不活発
 inevitable[形],不可避の、必然的な
 infancy[名],幼年期（時代）
 infatuate[動],夢中にさせる
 infatuated[形],夢中な
 infectious[形],伝染性の、感染性の
 infer[動],推測する、推論する
 infest[動],はびこる、横行する
 infested[形],はびこっている
 infighting[名],内輪もめ、内紛
 infiltrate[動],染み込む、浸透する、侵入する
 infirmity[名],病気、疾患、虚弱、病弱
 inflamed[形],炎症を起こした、扇動されて激化した
 inflammation[名],炎症、赤くはれること
 influx[名],流入、到来
 infraction[名],違反
 infringe[動],権利を侵害する、（法を）破る
 infringement[名],侵害、違反
 infusion[名],注入、点滴
 ingenious[形],巧妙な、独創的な
 ingenuity[名],創意、器用さ
 ingratiate[動],気に入られるようにする
 inhabitant[名],住民、居住者、棲息動物
 inhale[動],吸い込む、吸収する
 inherent[形],生来の、生得の
 inhibit[動],抑制する、（行動、発達などを）妨げる
 inhibition[名],抑制、気おくれ
 inhospitable[形],荒れ果てた、荒涼とした、人を寄せ付けない
 inimical[形],有害な、敵意のある
 initially[副],最初は
 inject[動],注射する、注入する
 inmate[名],（刑務所の）収監者、囚人
 innate[形],生まれながらの、生得的な、先天的な
 innately[副],生来、生まれつき
 inoculate[動],予防接種をする
 inscription[名],碑文
 insignia[名],記章、バッジ
 insinuation[名],ほのめかし
 insipid[形],味気ない
 insolent[形],横柄な、傲慢な、無礼な
 insolvent[形],破産した、支払不能の
 instability[名],不安定
 instill[動],教え込む、染み込ませる
 insubstantial[形],中身のない、ごくわずかな、不十分な
 insulate[動],防音する、断熱する、絶縁する
 insurgent[形],反乱を起こした
 intact[形],無傷の、完全な姿の、手をつけられていない
 intake[名],取り入れ、摂取量
 intangible[形],触ることのできない、ぼんやりした、実体のない
 integral[形],不可欠な、完全な
 integrate[動],統合する、一体化する
 integration[名],統合、統一
 integrity[名],誠実、高潔、正直さ
 inter[動],埋葬する
 intercept[動],割り込む、阻止する
 interim[形],中間の、暫定的な、仮の
 interject[動],（言葉）を差し挟む
 interminable[形],永遠に続く、やむことのない
 intermittently[副],断続的に、間欠的に
 interrogate[動],尋問する
 interstellar[形],星間の
 intervene[動],干渉する、（間に）割って入る、介入する
 intervention[名],介入
 intimate[形],親しい、親密な
 intimidate[動],おどす、脅迫する
 intimidated[形],おじけづいた、及び腰になった
 intolerant[形],不寛容な、狭量な
 intrigue[動],興味をそそる、好奇心をそそる
 intriguing[形],興味深い、興味をそそる
 intrinsic[形],固有の、本来備わっている
 introvert[名],内向性の人
 intrusive[形],でしゃばりの、押しつけがましい
 intuitive[形],直観による、直観的な、勘の鋭い
 inundate[動],殺到する、水浸しにする、氾濫する
 invalid[形],無効な、病弱な
 invaluable[形],非常に価値のある、非常に貴重な
 invariably[副],常に、変わることなく、いつも
 invert[動],逆にする、転化する、ひっくり返す
 inveterate[形],常習的な、根深い
 invigorate[動],活性化する、活力を与える
 invincible[形],無敵の、打ち負かすことのできない
 invoke[動],生じさせる、呼び覚ます
 irascible[形],短気な
 iridescent[形],玉虫色の、きらきら光る
 irk[動],イライラさせる
 irrational[形],不合理な、筋の通らない
 irrelevant[形],無関係の、見当違いの、重要でない
 irreparably[副],修復できないほど
 irresolute[形],優柔不断な、決断力のない
 irrevocable[形],取り消せない、変更できない
 irrigation[名],灌漑
 jaded[形],うんざりした、疲れ果てた
 jeer[動],あざける
 jeopardize[動],危うくする、危機に陥れる、台無しにする
 jeopardy[名],危険、危険にさらされること
 jiggle[動],小刻みに動かす、細かく動く
 jilt[動],（恋人を）捨てる
 jinx[名],悪運（をもたらすもの）
 jostle[動],突く、押しやる、押し分けて進む
 jubilant[形],歓声を上げて喜ぶ
 judicious[形],思慮分別のある、賢明な
 jumble[動],ごちゃ混ぜにする、混乱させる
 jumbled[形],ごちゃまぜになった
 juncture[名],決定的な時点、局面、岐路
 jurisdiction[名],司法権、裁判権、管轄
 juror[名],陪審員
 justify[動],正当化する、正当だと証明する
 juvenile[形],青少年の、未成年者の
 keepsake[名],形見、記念品
 kindred[形],同種の、よく似た、関連のある
 knack[名],こつ、要領の良さ、技術
lackluster[形],精彩を欠いた、ぱっとしない、活気のない
 lag[動],遅れる
 lambaste[動],厳しく非難する、酷評する
 lament[動],嘆く、嘆き悲しむ、残念に思う
 land[動],着陸する、上陸する、水揚げする、着陸させる
 languid[形],気力に欠ける、やる気のない
 languish[動],みじめな生活をする、しぼむ、元気がなくなる
 languishing[形],沈滞する
 lanky[形],背が高くて細い
 lapse[名],小さな過失、時の経過
 larceny[名],窃盗（罪）
 lassitude[名],無気力、倦怠
 latent[形],潜伏期の、潜在的な
 latitude[名],緯度
 lavish[形],気前の良い、ぜいたくな、豪華な
 layman[名],素人
 leeway[名],余裕、（自由裁量の）余地
 leftover[名],（食べ物などの）残り物
 legislate[動],法律を制定する
 legislature[名],立法府
 legitimacy[名],適法性、正当性
 legitimate[形],妥当な、筋の通った、合法的な
 lethal[形],致死の、致命的な
 leverage[名],てこの作用、効力、影響力、レバレッジ
 levitate[動],空中を浮遊する
 levity[名],軽薄、不謹慎、軽薄な行動
 levy[名],徴税、課税、賦課金
 liability[名],（賠償の）責任
 liaison[名],（組織間の）連絡、連絡係
 libel[名],名誉棄損（きそん）、中傷的な言辞
 liken[動],たとえる、なぞらえる
 limb[名],手足、肢
 limp[形],ぐったりした、弱々しい
 lineage[名],血統、血筋、種族
 linger[動],居残る、ぐずぐずする、長引く
 linkage[名],連結
 liquidate[動],（負債などを）清算する、（会社など）整理する
 litigate[動],訴訟に持ち込む
 litigation[名],訴訟
 livestock[名],家畜（類）
 lobby[動],ロビー活動する、陳情する
 logistically[副],兵站上で、物資面で
 longevity[名],長命、長生き、寿命
 loom[動],不気味に現れる、そびえ立つ、不気味に迫る
 loophole[名],抜け道、抜け穴
 loot[動],略奪する
 loquacious[形],おしゃべりの、話し好きな
 lubricate[動],滑らかにする、潤滑油を差す
 lucrative[形],利益の上がる、もうかる
 luminary[名],専門家、エキスパート
 lunar[形],月の
 lurch[動],よろめきながら進む
 lure[動],引き寄せる、誘い込む
 lure[名],魅惑、魅力
 lurk[動],身を潜める、待ち伏せする
 luster[名],光沢
 magnetism[名],磁気、磁性、磁気学
 malevolent[形],悪意のある、よこしまな
 malice[名],悪意
 malign[動],中傷する、害を及ぼす
 malignant[形],悪意のある、悪性の
 malleability[名],可鍛(かたん)性
 malleable[形],（金属が）可鍛性の、順応性のある
 mandate[動],命じる、義務づける、～の統治を委任する
 mandatory[形],義務的な、必須の
 maneuver[動],(巧みに)操縦する、操作する
 maneuver[名],操作、操縦、作戦行動、策略
 mangle[動],ずたずたに切る、めちゃめちゃにする、台無しにする
 manifest[形],明らかな
 manipulate[動],操る、操作する
 mar[動],損なう、台無しにする
 marginally[副],かろうじて、わずかに
 massacre[名],大虐殺
 materialize[動],現実に起こる、具体化する
 matriculate[動],大学に入学する、入学を許可される
 maxim[名],格言、原理
 mayhem[名],騒動、大騒ぎ
 meager[形],乏しい、貧弱な、痩せた
 meander[動],くねくねと曲がる
 meddle[動],干渉する、手出しをする
 mediate[動],調停する、仲介する
 mediator[名],調停者
 medieval[形],中世の
 mediocre[形],並の、平凡な、普通の
 meditate[動],瞑想する
 meekly[副],従順に、おとなしく
 memoir[名],回想録、伝記
 menace[名],脅威、脅迫
 menacingly[副],威嚇するように
 menial[形],（仕事が）単純で退屈な、卑しい
 mentor[名],恩師、良き指導者、教師
 merge[動],合併する、合流する
 mesmerize[動],魅力する、催眠術をかける
 metabolize[動],新陳代謝する
 metaphor[名],隠喩、暗喩
 meticulous[形],極めて注意深い
 microbe[名],細菌、微生物
 microscopic[形],微細な、非常に小さな
 microscopically[副],極めて詳細に
 migraine[名],偏頭痛
migrate[動],移動する、移住する、（鳥などが）渡る
 migration[名],移住、移動、渡り、回避
 migratory[形],移動の
 milestone[名],道しるべ、画期的事件、節目
 mimicry[名],模倣、まね
 mirage[名],蜃気楼
 miscellaneous[形],種々雑多な
 misnomer[名],誤った名称/呼び方
 mitigate[動],（苦痛などを）軽減する
 mock[動],ばかにする、物まねをしてふざける
 mock[形],模擬の
 modicum[名],少量
 modulate[動],調整する
 molecule[名],分子
 mollify[動],（怒りなど）を和らげる、なだめる
 molt[動],脱皮する
 momentous[形],重大な、重要な
 momentum[名],勢い、機運、運動量
 monarch[名],絶対君主、国王
 monopolize[動],独占する
 monopoly[名],独占、専売
 monotonously[副],単調に
 moot[形],無意味な、非現実的な、疑わしい
 morale[名],士気、風紀
 morass[名],難局、泥沼状態
 morsel[名],一口、わずか、ひとかけら
 mortality[名],死亡、死すべき運命、死亡率
 mortgage[名],住宅ローン、抵当、担保
 mosaic[名],モザイク、寄木細工
 mount[動],増す、高まる
 mount[動],すえつける、載せる
 muffled[形],（音が）弱められた
 multitude[名],多数、群衆
 mundane[形],この世の、ありきたりの、日常の、
 municipality[名],自治体、市当局
 munificent[形],気前のよい
 murky[形],暗い、陰気な、濁った、うさん臭い
 muster[動],喚起する、招集する
 mutate[動],突然変異する、変化する
 mutation[名],突然変異
 mutinous[形],反抗的な
 mutter[動],つぶやく、ぶつぶつ不平を言う
 myriad[名],無数
 mystique[名],神秘的な雰囲気
 naive[形],素朴な、愚直な、単純な、お人好しな、世間知らずの
 namely[副],すなわち、つまり
 narrowly[副],かろうじて
 naturalization[名],帰化
 nebulous[形],漠然とした、あいまいな
 negligent[形],怠慢な、無頓着な
 negligible[形],ごくわずかな、取るに足らない
 neural[形],神経（系）の
 neurologist[名],神経学者
 neutrality[名],中立
 niche[名],生態的地位、隙間市場、ニッチ
 niggle[動],つまらぬことで悩む
 nomadic[形],遊牧（民）の、放浪の
 nominal[形],ほんのわずかの、名目上の
 nominally[副],名目上は
 norm[名],規範、典型
 notable[形],有名な、注目すべき
 novelty[名],目新しい物事、斬新さ
 novice[名],初心者
 nucleus[名],核
 nudge[動],ひじで軽く突く、優しく説得する
 nuisance[名],厄介なこと/人、迷惑
 nullify[動],無効にする
 numb[形],かじかんだ、まひした、ぼうぜんとした
 nurture[動],育てる、栄養を与える
 obfuscate[動],わかりにくくする
 obligatory[形],義務的な、必須の
 oblique[形],斜めの、遠回しな
 obliterate[動],完全に破壊する
 oblivion[名],忘却
 oblivious[形],忘れている、気づいてない
 obnoxious[形],非常に不快な、嫌な、反抗的な
 obscure[形],不明瞭な、知られていない、曖昧な
 obscurity[名],暗がり、無名、不明箇所
 obsequious[形],こびへつらうような、卑屈な
 obsessive[形],取りついて離れない、しつような、異常なほどの、（～に）取りつかれて、執念をもって
 obsolete[形],すたれた、時代遅れの
 obstinate[形],頑固な、強情な
 obstruct[動],妨害する、さえぎる
 obtrusive[形],押し付けがましい、出しゃばりの
 obtuse[形],鈍い、鈍角の
 occidental[形],西洋の
 odious[形],嫌気の指すような
 ominous[形],不吉な、悪いことの前兆となる
 omit[動],除く、省く、削除する
 ongoing[形],進行中の、継続中の
 onrush[名],突撃、突進
 onset[名],始まり、着手、（病気などの）兆候
 onslaught[名],猛攻撃、強襲
 opaque[形],不透明な、（意味などが）分かりにくい
 opposable[形],向かい合わせにできる、抵抗できる
 oppress[動],抑圧する
 optimum[形],最適の、最善の
 opulent[形],ぜいたくな、裕福な、豊富な
 orchestrate[動],画策する
 ordeal[名],苦しい試練
 ordinance[名],法令、布告
 ornithological[形],鳥類学の
 orthodontist[名],歯列矯正医
 ostracize[動],追放する、排斥する
 oust[動],（権利などを）取り上げる、追放する
 outage[名],機能停止期間、供給停止期間
 outlive[動],〜より長生きする
 outrage[動],激怒させる、憤慨させる
 outrage[名],怒り、怒りをもたらすもの
 outright[副],完全に、明白に
 outright[形],徹底的な、率直な
 outweigh[動],～より重い、～に勝る、～を上回る
 overdue[形],期日が過ぎた、期限切れの
 overhaul[動],徹底的に見直す、精査する
 overly[副],過度に、非常に
 override[動],無効にする、覆す、優先する
 overrun[動],行きすぎる、限度を超える
 oversight[名],見落とし、見過ごし
 overt[形],あからさまな、明白な
 pacify[動],なだめる、静める、鎮定する
 palatable[形],口に合う、おいしい、受け入れられる
 palate[名],口蓋(こうがい)
 pallid[形],（顔・肌などが）青白い、つまらない
 paltry[形],取るに足りない、微々たる
 pamper[動],（子供など）を甘やかす、（欲望など）を思う存分満たす
 panacea[名],万能薬、解決策
 pandemic[形],（世界的に）流行性している
 pandemonium[名],大混沌、修羅場
 pander[動],迎合する
 paragon[名],模範、手本
 paralysis[名],まひ、停滞
 parameter[名],要因、媒介変数、パラメーター
 paramount[形],最高の、主要な、卓越した
 parasite[名],寄生虫、寄生動物
 pare[動],皮をむく／はぐ、そぎ落とす、切り取る
 parity[名],同等、等価、同格
 parry[動],（攻撃・質問など）をかわす、受け流す
 pasture[名],牧草地、牧場
 patent[名],特許（権）、特許品
 paternity[名],父親であること、父性
 pathetic[形],痛ましい、哀れを誘う、みじめな
 patriot[名],愛国者
 patronage[名],（芸術、事業などの）後援、保護、奨励
 paucity[名],不足、欠乏、少数、少量
 pawn[動],質（担保）に入れる
 pedestrian[形],徒歩の
 peer[名],同僚、仲間
 pendulum[名],振り子
 penetrate[動],貫く、突破する、浸透する
 penitent[形],悔い改めた、後悔している
 perceptible[形],知覚できる、感じられるほどの、かなりの
 perception[名],知覚、認知、認識
 percolate[動],こす、ろ過する、しみ通る
 perennial[形],長く続く、多年生の
 perforation[名],ミシン目、切り取り線
 perfunctory[形],いい加減な、やる気のない
 perilous[形],危険な、危険の多い
 perimeter[名],（図形の）周囲
 periphery[名],周辺部、外周
 perish[動],死ぬ、消え去る、滅びる
 perk[名],(俸給以外の)特典、恩恵
 permeate[動],～に染み込む、浸透する
 permium[名],保険料、（保険の）掛け金
 perpetrate[動],（犯罪などを）犯す
 perpetrator[名],加害者、犯罪者
 perpetuate[動],永存させる
 perplexed[形],困惑した
 persecute[動],迫害する
 persecution[名],迫害
 perseverance[名],忍耐、辛抱、不屈の精神
 persist[動],固執する、（習慣などが）存続する
 personable[形],好感の持てる、感じのよい、魅力的な
 perspective[名],視点、見方、遠近法、透視図法
 pertinent[形],関連する、適切な
 perturb[動],心をかき乱す、不安にさせる
 peruse[動],を精読する、熟読する
 pervade[動],充満する、広がる、蔓延する
 pervasive[形],隅々に広がった、浸透する、充満する
 perverse[形],ひねくれた、あいにくの、邪悪の
 pesky[形],うるさい、やっかいな
 pest[名],害虫、疫病
 pesticide[名],殺虫剤
 petrified[形],石化した、ぼうぜん自失状態の
 petrify[動],ぼうぜんとさせる、すくませる
 phase[名],段階、局面
 phenomenal[形],驚異的な、並外れた
 philanthropy[名],慈善（活動）
 phonetic[形],音声上の
 pigment[名],絵の具、色素
 pinnacle[名],頂上、頂点、最盛期
 pinpoint[動],（原因などを）正確に指摘する
 pious[形],信心深い、敬謙な
 pique[動],立腹させる、刺激する
 pitfall[名],落とし穴、陥りやすい間違い
 placate[動],なだめる、和らげる、落ち着かせる
 placebo[名],偽薬、プラシーボ
 placid[形],穏やかな、落ち着いた
 plagiarism[名],盗用、盗作
 plagiarize[動],盗作する、盗用する
 plague[動],苦しめる
 plaintiff[名],原告、告訴人
 platitude[名],陳腐な言葉、ありきたりの決まり文句
 plausible[形],もっともらしい、理にかなっている
 plea[名],答弁、抗弁、嘆願、請願
 plead[動],嘆願する、懇願する
 pledge[動],誓約する、保証する
 pledge[名],公約、誓約
 pliable[形],曲げやすい、柔軟な、適応性のある
 plight[名],窮状
 plot[名],（映画、物語などの）筋、構想、たくらみ
 plummet[動],（価格などが）急落する
 plunder[動],略奪する
 plunge[動],押し込む、突っ込む、(価格などが)急落する
 poach[動],密漁/密猟する
 poignant[形],心が痛む、心を打つ
 polarization[名],二極化
 pollination[名],受粉
 polytheistic[形],多神教の
 ponder[動],熟考する、思案する
 possessed[形],取りつかれた
 posterior[名],後代、子孫
 posthumously[副],死後に
 postulate[動],仮定する、前提と考える
 posture[名],姿勢、方針、態度
 potent[形],強力な、良く効く
 potential[形],潜在的な、可能性を秘めた
 pounce[動],襲いかかる、飛びかかる
 pragmatic[形],実践的な、実用的な
 precarious[形],不安定な、心もとない、当てにならない
 precede[動],（～に）先行する
 precedence[名],優先、先行
 precedent[名],先例、前例、判例
 precipitate[動],引き起こす、促進する
 precipitation[名],降水、降水量
 precipitous[形],険しい、断崖絶壁の
 preclude[動],排除する、妨げる
 preclusion[名],排除
 predator[名],捕食動物
 predatory[形],捕食性の、略奪する
 predicament[名],苦境、窮地
 predilection[名],特別な好み、偏愛
 predispose[動],あらかじめ（～の）傾向を与える (to ～)
 predominate[動],優位を占める、圧倒的に多い
 preemptive[形],先制の
 preferential[形],優先的な、優遇の、特恵の
 prelude[名],前触れ、前奏曲
 premise[名],前提、基調
 premises[名],敷地
 premium[名],保険料、割増料金
 premonition[名],予告、徴候、前兆、予感
 preoccupation[名],没頭
 prerequisite[名],必須条件、必要条件
 prerogative[名],特権、大権
 prescient[形],予知の、予見する力のある
 prescribe[動],（薬など）を処方する、指示する
 preservation[名],保護、保存
 prestige[名],名声、威信、威光
 presume[動],推測する、～と思う
 presumptuous[形],ずうずうしい
 pretense[名],ふり、見せかけ、偽りの行為/装い、口実
 pretentious[形],うぬぼれた、これ見よがしの
 prevail[動],普及している、支配的である
 prevalence[名],普及
 prevaricate[動],言葉を濁す、嘘をつく、言い逃れる
 prevarication[名],言い逃れ
 pricey[形],高価な
 primate[名],霊長類
 pristine[形],損なわれていない、原始の、汚れていない
 privatize[動],民営化する
 privilege[名],特権、特典
 probationary[形],試用中の、見習い中の、保護観察中の
 probe[動],調査する、突きとめる
 probe[名],探査、探索機、探査ロケット
 proceeds[名],収益
 proclaim[動],宣言する、はっきり示す
 proclivity[動],傾向
 procrastinate[動],ぐずぐずする、先延ばしにする
 procure[動],調達する
 prodigious[形],莫大な、巨大な
 prodigy[名],神童、天才、奇才
 profane[形],世俗的な、不敬な
 profess[動],はっきりと言う、公言する
 profound[形],深い、重大な
 profuse[形],たっぷりの
 progeny[名],子どもたち、子孫
 project[動],見積もる
 projection[名],投射、投影
 proliferate[動],急増する、拡散する、繁殖する
 prolific[形],多産の、多作の
 prolonged[形],長期の、長期にわたる、長引く
 promulgate[動],普及させる、広める、公表する
 prone[形],傾向がある
 propagate[動],普及させる、伝達する、増殖させる
 propagation[名],(地震波などの)伝播
 propel[動],進ませる、推進する、前へ押し出す
 propensity[名],傾向
 prophecy[名],予言、神のお告げ
 prophetic[形],予言的な
 propitious[形],好都合な
 proponent[名],支持者、主唱者
proposition[名],提案、命題、陳述
 proprietor[名],所有者、（特に不動産の）持ち主
 propriety[名],礼儀正しさ、作法、適切さ
 prosecute[動],訴追する
 prosecutor[名],検察官
 prostrate[形],伏せた、うつぶせになった
 protocol[名],議定書、（コンピュータ通信の）プロトコル
 protrusion[名],突出、突起（部）
 provident[形],先見の明のある、つましい、慎重な
 provincial[形],地方の、田舎の
 provision[名],供給、提供、準備、貯蔵品
 provision[名],(法令などの)条項、規定
 provisional[形],仮の、暫定的な
 provoke[動],挑発する、駆り立てる
 prowl[動],（獲物を求めて）うろつく、徘徊する
 proximity[名],近接、近さ
 prudence[名],用心深さ、慎重さ
 prune[動],刈り込む、（木などを）剪定する
 pseudoscience[名],擬似科学
 psychic[形],心霊現象の、心霊作用を受けやすい
 psychologically[副],心理的に
 pulverize[動],粉砕する、粉々にする
 pundit[名],専門家、評論家
 pungent[形],刺激臭、辛辣な
 purge[動],取り除く、一掃する、追放する
 purported[形],〜とされる、〜といわれている
 purvey[動],（食料・情報・サービスなどを）提供する、調達する
 pushover[名],いともたやすいこと、楽な相手、だましやすい人
 quadruple[動],４倍になる
 quaint[形],古風な趣のある
 qualm[名],不安、良心の呵責
 quandary[名],板挟み、苦境
 quantum[名],量子
 quarantine[名],検疫
 queasy[形],吐き気がする
 quirk[名],（変わった）癖、奇癖
 quiver[動],（恐怖、興奮で）震える
 quizzical[形],いぶかしげな、疑わしげな
 quota[名],割り当て、分担、定員、定数
 racket[名],大騒ぎ
 raid[名],襲撃、急襲、強制捜索
 rally[名],集会
 ram[動],〜に衝突する、激突する
 rampage[名],凶暴な行動
 rancid[形],悪臭のする、鼻をつく
 ranege[動],（約束などを）破る
 rankle[動],いらだたせる、苦しめる
 ransom[名],身代金
 rant[動],わめき散らす
 rapacious[形],貪欲な
 rapture[名],歓喜
 rash[形],性急な
 ratification[名],批准、承認
 ratify[動],批准する
 ratio[名],比率、割合
 rationale[名],理論的根拠
 ravage[動],荒廃させる、破壊する、略奪する
 reap[動],収穫する
 rebate[動],リベートを与える、割り戻す
 rebate[名],一部払い戻し、割戻し
 rebel[動],反抗する、反乱を起こす
 rebel[名],反逆者、反抗者
 rebellion[名],謀反、反乱
 rebuff[動],拒絶する
 rebuke[動],非難する
 rebut[動],反論する
 rebuttal[名],反証、反論
 recalcitrant[形],反抗的な、手に負えない、強情な
 recant[動],撤回する
 recapitulate[動],要約する
 recede[動],後退する、弱まる
 receptive[形],受容的な、（新しい考えなどを）よく受け入れる
 recipient[名],受取人、受賞者
 reciprocate[動],報いる、等価のものを返す
 recklessly[副],無謀に
 reclaim[動],取り戻す、再請求する
 reclusive[形],孤独が好きな
 reconcile[動],調和させる、和解させる
 reconciliation[名],和解、妥協
 recourse[名],頼りにすること、頼みとするもの(人)
 rectify[動],修正する、調整する
 recur[動],繰り返される
 recurrent[形],何度も繰り返し起こる
 redeem[動],返済する、取り戻す、引き換える、(弱点などを)補う
 redolence[名],芳香
 redress[動],正す、是正する
 redress[名],救済、矯正、補償
 redundant[形],重複する、余分な、不必要な
 referendum[名],国民（住民）投票
 refurbish[動],一新する、改装する
 refute[動],（間違いを）証明する
 regale[動],ごちそうする、（話などで）楽しませる
 regime[名],（政治の）体制、（強圧的な）政権
 regimen[名],健康増進法、指導計画
 regress[動],退行する、逆走する
 regurgitate[動],（食べ物を）口に吐き戻す
 rehash[動],作り直す、焼き直す
 reimburse[動],払い戻す
 reinforce[動],補強する、強化する
 reinstate[動],復帰させる
reiterate[動],繰り返す、繰り返し言明する
 relentless[形],無慈悲な、容赦ない、執拗な
 remedial[形],補習の、治療の
 remedy[名],治療、矯正
 reminisce[動],回想する
 remit[動],送金する
 remorse[名],深い悔恨、自責の念
 remuneration[名],報酬、給料
 rendition[名],（視覚）表現、描写、解釈、演奏
 renege[動],（約束などを）破る
 renounce[動],（権利を）放棄する
 renowned[形],有名な、著名な
 renunciation[名],放棄、断念
 repeal[動],（法律等を）取り消す、廃止する
 repeal[名],(法律などの)破棄
 repel[動],追い払う
 repercussion[名],（複数形で）反響、余韻
 replenish[動],補給する、補充する
 replicate[動],複製する、模写する
 replicate[形],複製された
 repose[名],休息、休憩、静けさ、安らぎ
 repository[名],保管場所
 reprehensible[形],非難されるべき
 repress[動],抑制する
 reprieve[動],刑の執行を猶予する
 reprimand[動],叱責する
 reprimand[名],懲戒、非難、叱責
 reprisal[名],報復
 repulse[動],撃退する、拒絶する、不快にさせる
 requisite[形],必要な、必須の
 resent[動],憤慨する
 reside[動],住む
 resonance[名],反響、響き、余韻
 resonant[形],朗々とした、鳴り響く、反響する
 resonate[動],反響する、共鳴する
 respiratory[形],呼吸の、呼吸器に関する
 restoration[名],復旧、復活、修復、復古
 restraint[名],抑制、自制、遠慮
 resume[動],再開する
 resurgence[名],再燃
 resurrection[名],生き返り、再生、復活、（the R～で）キリストの復活
 retain[動],維持する、保つ
 retaliation[名],報復
 retard[動],遅らせる、阻害する
 retentive[形],記憶力がよい、保持力のある
 reticent[形],無口な
 retort[動],やり返す、言い返す
 retrieve[動],回収する、取ってくる、検索する
 retroactively[副],遡及して、さかのぼって
 returnee[名],帰国子女、（海外からの）帰還軍人、復職者
 revel[動],大いに楽しむ
 reverberate[動],（音が）反響する、こだまする
 revere[動],崇敬する、あがめる
 reversal[名],反転
 revert[動],（元の状態、習慣等に）戻る
 revise[動],修正する、改訂する
 revitalize[動],復興させる、再生する、再活性化する
 revoke[動],取り消す、無効にする
 rhetorically[副],修辞学的に、美辞麗句を並べて
 rife[形],（好ましくないものが）はびこって
 rift[名],裂け目、割れ目、不和
 rig[動],装備する、支度する
 rigorous[形],厳格な、厳密な、正確な
 robust[形],強健な、がっしりした、たくましい
 romp[名],娯楽的な本・映画、どたばた劇
 roundabout[形],回り道の
 rout[動],完敗させる
 rowdy[形],騒々しい
 rubbish[名],ごみ、くず、がらくた
 rubble[名],石くず、がれき
 rudimentary[形],基本的な、初歩的な、原始的な
 rumble[動],ごろごろ鳴る、ぐうぐう鳴る
 rummage[動],かきまわして捜す
 run-down[名],概要（報告）
 ruthless[形],無慈悲な、冷酷な
 salient[形],目立った、顕著な
 salvage[動],救い出す
 sanctuary[名],自然（鳥獣）保護区、聖域
 sanitation[名],（公衆）衛生、衛生設備
 satirize[動],風刺する
 saturate[動],満たす、飽和させる
 savor[動],心行くまで楽しむ
 savvy[名],手腕、（実際的な）知識
 savvy[形],精通した
 scam[名],詐欺、ペテン
 scanty[形],わずかな、乏しい
 scapegoat[名],身代わり、犠牲、贖罪のやぎ
 scarce[形],乏しい、不十分な
 scatter[動],散らばる、分散させる、まき散らす
 scavenge[動],あさる
 scheme[名],計画、企み、枠組み
 scorn[動],嘲笑する、軽蔑する
 scour[動],こすって磨く、ごしごし洗う
 scrabble[動],手さぐりで捜す、なぐり書きする
 scrimp[動],節約する、切り詰める
 scrounge[動],せびる、あさる
 scrupulous[形],綿密な、周到な、良心的な
 scrutinize[動],綿密に調べる
 scuff[動],こする
 seamless[形],縫い目のない
secede[動],脱退する
 seclude[動],隔離する、引きこもらせる
 secluded[形],人目に付かない、人里離れた
 secrete[動],分泌する
 sectarian[形],派閥の、分派の
 sedate[形],落ち着いた、物静かな
 sedentary[形],定住性の
 seditious[形],扇動的な
 segregate[動],分離する
 segregation[名],人種差別、（人種）隔離
 seismology[名],地震学
 serene[形],穏やかな
 servitude[名],隷属、服従
 setback[名],妨げ、逆転、後退
 sewage[名],下水、汚水
 shackle[動],拘束する
 shatter[動],打ち砕く、粉砕する
 sheer[形],まったくの、真の
 shoddy[形],粗雑な、安物の、見掛け倒しの
 shove[動],（手荒く）押す、突く
 shrewd[形],賢い、抜け目のない
 shroud[動],覆う、包む
 shrug[動],肩をすくめる
 shuffle[動],混ぜる、移し替える、トランプを切る
 sidestep[動],避ける
 simmer[動],ぐつぐつ煮える、（怒りなどが）くすぶる
 simulate[動],ふりをする、模擬実験する
 simulation[名],模擬検証、シミュレーション
 simultaneous[形],同時の
 sinister[形],邪悪な、よこしまな、陰険な
 skeletal[形],骸骨のような
 skeptical[形],懐疑的な、疑い深い
 skyrocket[動],急上昇する、急増する
 slab[名],厚い板
 slam[動],バタンと閉める、バタンと閉まる
 slash[動],切る、切り下げる、（値段、予算を）削減する
 slaughter[名],虐殺、食肉処理
 sleek[形],つやのある、流線型の、人あたりが良い
 slouch[動],前かがみになる
 sluggish[形],のろい、緩慢な、活気のない
 slump[動],急に落ち込む、暴落する
 slur[名],中傷
 smear[動],塗り付ける
 smother[動],窒息させる、（事実などを）もみ消す、（火などを）覆って消す
 smuggle[動],密輸する
 snare[動],わなに掛ける
 snatch[動],ひったくる、強奪する、誘拐する
 sneer[動],あざ笑う、鼻で笑う
 sneer[名],冷笑
 snide[形],嫌みな、皮肉な
 snip[動],ちょきんと切る
 snitch[動],密告する、こっそり盗む
 snitch[名],密告者
 soar[動],上昇する、舞い上がる、急増する、高まる
 sobriety[名],しらふ、酔っていないこと
 sojourn[動],滞在する
 solicit[動],勧誘する、懇願する、求める
 solidarity[名],連帯、団結
 somber[形],薄暗い、陰気な
 sophisticated[形],洗練された、教養のある、(機械などが)高性能な
 sordid[形],卑劣な、下品な
 sovereign[名],君主、統治者
 sovereignty[名],主権、統治権
 spawn[動],（魚、カエルなどが卵を）産む、（考えなどを）生み出す
 spearhead[動],～の先頭に立つ
 specify[動],明示する、特定する
 specimen[名],標本、見本
 specter[名],亡霊、不安の（もと）、（不愉快な）見込み
 speculation[名],（不確かな情報に基づく）推論、憶測
 spell[動],綴る
 spell[名],呪文
 spillage[名],こぼすこと、こぼれたもの
 splice[動],接合する、つなぐ
 splurge[動],ぜいたくをする、散財する
 spontaneous[形],自発的な、自然発生的な
 spoof[名],パロディー、もじり
 sporadic[形],散発的な、時々起こる
 spouse[名],配偶者
 sprawl[動],（都市などが）不規則に広がる
 sprawl[名],（不規則な）広がり
 spree[名],ばか騒ぎ
 sprout[動],芽を出す
 spur[動],促進させる、駆り立てる
 spurn[動],きっぱりと拒絶する、突っぱねる
 squabble[動],（つまらないことを）言い争う
 squander[動],～を浪費する、～を無駄遣いする
 squint[動],目を細めてみる、横目で見る
 stabilize[動],安定させる
 stage[動],（劇などを）上演する、（催しを）開催する
 stagger[動],仰天させる
 staggering[形],（足元などが）ふらついている
 stagnant[形],よどんだ、活気がない、停滞した
 stagnate[動],よどむ、停滞する
 staid[形],生真面目な、退屈な
 stake[名],杭
 stake[名],賭け、賭け金、利害関係
 stalemate[名],手詰まり
 stalwart[形],確固とした、ぐらつかない、頑健な
 stammer[動],口ごも、るどもる
 stampede[動],どっと押し寄せる、殺到する
 state-of-the-art[形],最新式の、最先端の
 static[形],静的な
 stationary[形],静止した、動かない
 statistically[副],統計的に
 stature[名],身長、名声
 status quo[名],現状
 statutory[形],法定の、法令による
 stealth[名],秘かなやり方、内密
 steer[動],操縦する、かじを取る、（人）を導く
 stem[名],茎、幹
 sterile[形],無菌の、不毛の、子を生まない
 stern[形],厳しい、厳格な
 stigma[名],不名誉、汚名
 stimulate[動],刺激する
 stipend[名],給付金、奨学金
 stipulate[動],明記する、規定する、要求する
 stipulation[名],（法律・契約などの）規定、条項
 stolid[形],ぼんやりした、鈍感な
 stopgap[名],一時しのぎ
 stowage[名],積み込み、保管場所、積み込み場所
 straddle[動],またがる
 strand[名],より糸、ひも
 stray[動],はぐれる、迷う
 streak[動],縞をつける、筋をつける
 strenuous[形],精力的な、骨の折れる、激しい
 strife[名],争い、不和、衝突
 stringent[形],（規則が）厳しい
 strive[動],努力する
 strut[動],誇らしげに歩く、気取って歩く
 stubborn[形],頑固な
 stump[動],困惑させる
 stunning[形],気絶させるような、（びっくりするほど）素晴らしい
 stunt[動],発育が妨げられる
 sturdily[副],しっかりと
 stymie[動],妨害する、阻止する
 suave[形],温厚な、物腰の柔らかな
 subdue[動],征服する、鎮圧する、抑える
 subdued[形],鎮圧された、和らげられた、控えめな
 sublime[形],崇高な
 submerge[動],沈む、沈める、浸す
 submissive[形],従順な
 subordinate[動],下位に置く、～に従属させる
 subordinate[形],下位の、従属している
 subsequent[形],その後の、次の
 subsidence[名],（地盤などの）沈下
 subsidize[動],補助金を支給する
 subsistence[名],生存、必要最低限の生活
 subtle[形],微妙な、かすかな、気付きづらい
 subversive[形],転覆をはかる、破壊的な
 subvert[動],（政権などを）倒す、転覆させる
 succinct[形],簡潔な、ずばりの
 succulent[形],果汁/肉汁の多い
 succumb[動],屈する、負ける
 suffocate[動],窒息する、窒息させる
 suffrage[名],選挙権、参政権
 sullen[形],憂うつな、不機嫌な
 superficial[形],表面的な、うわべの
 superfluous[形],余分な
 supplement[動],補う、補足する
 suppress[動],抑制する、抑圧する、鎮圧する
 surge[動],殺到する、(波が)押し寄せる
 surge[名],急上昇、急増、急騰
 surpass[動],～を上回る、～に優る、超える
 surplus[名],余剰、黒字
 surreptitiously[副],こっそりと
 surrogate[名],代理人
 surveillance[名],監視、見張り、偵察
 susceptible[形],（to ～の形で）～の影響を受けやすい、～に感染しやすい
 susceptible[形],(～の)影響を受けやすい、(～に)感染しやすい　(to ～)
 suspend[動],一時中止する、停職（停学）処分にする
 sustain[動],維持する、支える
 sustainable[形],持続可能な、維持できる、環境に優しい
 swab[動],モップで掃除する
 swamp[名],沼地、低湿地
 swap[動],交換する
 swarm[動],群れでいっぱいになる
 swarm[名],大群
 sway[動],揺れる、揺れ動く
 sway[名],支配、統治
 swerve[動],急に向きを変える
 swill[動],がぶ飲みする
 swindle[動],だまして金を取る
 swirl[動],渦巻く、ぐるぐる回る
 synonymous[形],同様の、同義の、同義語の
 synthesize[動],合成する、統合する
 tacit[形],無言の
 taciturn[形],無口な
 tackle[動],取り組む、立ち向かう
 tactics[名],戦術、戦法
 taint[動],傷つける、汚す
 tally[動],符合する、集計する
 tangible[形],有形の、触れることのできる、目に見える、明らかな
 tangle[動],紛糾（混乱）させる
 tangle[名],もつれ、やっかいな状況、口論
 tantamount[形],等しい
 tantrum[名],癇癪（かんしゃく）、不機嫌
 tariff[名],関税
 tarnish[動],表面が曇る、色あせる、(評判・名声などを)傷つける
 tatter[名],切れ端、ぼろ切れ
 taunt[動],あざける、嘲笑する、なじる
taut[形],(糸などが)ピンと張った、緊張した
 tedious[形],冗長な、（長くて）退屈な
 tedium[名],退屈
 teeming[形],ごった返している、あふれている
 teeter[動],ぐらつく、よろめく
 temperament[名],気質
 tenacious[形],頑固な、頑強な
 tenet[名],主義、教義
 tentative[形],仮の、暫定的な、不確かな
 tenuous[形],（関係、根拠などが）希薄な、薄弱な
 tenure[名],(大学教授の)終身在職権、在職期間
 terrestrial[形],陸生の、地球の
 terse[形],簡潔な、簡単明瞭な
 testimonial[名],証明書、推薦状
 tether[動],（動物などを）つなぐ
 thesis[名],論文、主題
 thread[名],（論議などの）筋道
 threshold[名],敷居、玄関口、閾値（いきち）、境界値、ボーダーライン
 thrift[名],倹約
 thrifty[形],質素な、つましい、倹約する
 thrive[動],成功する、繁栄する、目標を達成する
 throng[名],大勢、群衆
 thrust[動],押し付ける、突っ込む、突き刺す
 thwart[動],妨げる、邪魔する
 tinge[名],色合い
 tingle[動],（体などが）ひりひり/ちくちく/ズキズキする、うずく
 tint[名],色合い、色調
 toll[名],被害、損害、死傷者
 topple[動],ぐらつく、崩れる、倒す
 torment[動],悩ます
 torrid[形],灼熱の
 torture[動],～に拷問を加える、～をひどく苦しめる、悩ます
 tout[動],売り込む、おおげさに宣伝する、褒めちぎる
 toxic[形],有毒な
 traffic[動],密売買する
 trait[名],特性、特色
 traitor[名],裏切り者、反逆者
 trample[動],踏み付ける
 tranquil[形],のどかな、静かな、穏やかな
 transaction[名],（商）取引
 transcend[動],越える、超越する
 transcendent[形],超越した、ずばぬけた
 transfusion[名],輸血
 transgression[名],違反、犯罪
 transient[名],渡り労働者、流れ者
 transient[形],一時的な、つかの間の、その場限りの
 transitory[形],はかない、一時的な
 translucent[形],半透明な
 transmit[動],伝える、知らせる、送信する
 transparent[形],透明な、隠しだてのない
 transpose[動],置き換える
 traumatic[形],精神的外傷を引き起こす
 traverse[動],横切る、渡る
 travesty[名],まがい、物曲解、こじつけ
 treacherous[形],裏切りの、不誠実な
 treason[名],反逆罪、不信、裏切り
 tremendous[形],莫大な、すさまじい
 trepidation[名],恐怖、不安
 tribally[副],部族的に
 tribute[名],賛辞、貢ぎ物
 trigger[動],引き起こす、もたらす、引き金となる
 triumph[名],勝利
 trivial[形],ささいな、取るに足りない、平凡な
 trounce[動],完全に負かす
 truancy[名],無断欠勤、ずる休み
 truce[名],停戦、休戦
 truculent[形],攻撃的な、けんか腰の
 truncate[動],先を切り取る、（文字列などを）短くする
 tubby[形],ずんぐりした
 tumble[動],転倒する、転げ落ちる、落下する、崩れ落ちる
 tumor[名],腫瘍
 turbulent[形],騒々しい、（感情などが）かき乱された、荒れ狂う
 turmoil[名],騒ぎ、騒動、混乱
 turnover[名],離職率
 twitch[動],ぐいと引く、痙攣（けいれん）させる、痙攣する
 typify[動],～の典型となる、代表例となる
 tyranny[名],暴政、専制政治
 ubiquitous[形],至る所に存在する
 ulterior[形],隠された、表に現れてこない
 ultimately[副],最終的に、結局は
 ultimatum[名],最後通告
 unabashedly[副],恥ずかしげもなく、臆面もなく
 unanimously[副],満場一致で
 uncanny[形],不可思議な、奇怪な
 uncover[動],暴く、明るみに出す、暴露する
 undergo[動],（苦痛などを）経験する、（検査などを）受ける
 undermine[動],徐々にむしばむ、弱体化させる
 underscore[動],強調する、下線を引く
 undertake[動],引き受ける、請け負う、着手する
 undulate[動],波打つ、起伏する
 unearth[動],掘り出す、発掘する、明るみに出す
 unfold[動],開く、広げる、展開する
 unprecedented[形],前例のない
 unravel[動],解明される、明らかになる
 unrelenting[形],弱まることのない、容赦しない
 unscathed[形],無傷の、無事な
 upend[動],逆さまにする、ひっくり返す
 upheaval[名],大変動、激変
 uphold[動],維持する、守る
 upscale[形],高所得者向けの、高級な
upstage[形],舞台後方の
 urbane[形],洗練された、都会風の、あか抜けした
 usher[動],案内する
 utility[名],(複)（水道、ガスなどの）公益事業
 vacillate[動],変動する、（心・考えが）動揺する、よろめく
 validate[動],妥当性を立証する、法的に有効にする
 validity[名],妥当性、効力
 vandalism[名],(公共物の)破壊、器物損壊
 vanquish[動],打ち負かす
 vault[動],跳ねる、飛び越える
 veer[動],方向を変える
 vehement[形],激しい、熱狂的な
 velocity[名],速度
 venomous[形],有毒な
 vent[動],（感情などを）発散する
 vent[名],（液体や気体が抜ける）穴、通気孔
 venue[名],開催地、会場
 veracity[名],正直さ、真実性、正確さ
 verbose[形],回りくどい、言葉数が多い、冗漫な
 verdict[名],(陪審員の)評決、決定、判断
 verge[名],端、縁、境界、瀬戸際
 verification[名],立証、検証、確認
 verify[動],証明する、確認する、検証する
 vernacular[動],その土地の言葉、方言
 versatile[形],多才な、多用途の、融通が利く
 versatility[名],多才、汎用性
 vestige[名],痕跡、名残
 veto[動],拒否権を発動する
 veto[名],拒否権
 viability[名],実現可能性
 viable[形],実現可能な、実行可能な、存続可能な
 vibrant[形],響き渡る、反響する、活気に満ちた
 vicarious[形],代わりの、身代わりの
 vicinity[名],近隣、付近
 vicious[形],悪い、悪徳の、凶暴な
 vigilant[形],油断がない、警戒を怠らない
 vigorous[形],精力的な、活力にあふれた、積極的な
 vilify[動],けなす、中傷する
 virtually[副],事実上、実際上、ほとんど
 virtuous[形],有徳の、貞淑な
 virulent[形],悪性の、悪意に満ちた
 void[名],喪失感、真空空間
 void[形],無効の、空っぽの
 volatile[形],揮発性の、変動しやすい、気まぐれな
 volition[名],意志
 voraciously[副],むさぼるように、貪欲に
 vulgar[形],下品な、低俗な
 vulnerable[形],弱い、傷つきやすい
 wage[動],（戦争などを）行う、遂行する
 wager[動],賭ける
 waive[動],（権利や条件を）放棄する、免除する
 wane[動],（徐々に）弱くなる、衰退する
 wary[形],用心深い、注意深い
 waylay[動],待ち伏せする
 weary[形],疲れ果てた、うんざりした
 weather[動],（困難などを）乗り越える、乗り切る
 whim[名],気まぐれな考え、思い付き
 widespread[形],広範囲にわたる、広く普及した
 widget[名],小さな装置
 wilt[動],しょげる
 wince[動],たじろぐ
 withhold[動],保留する、知らせずにおく、（税金などを）差し引く、差し控える、抑える
 wrangle[動],言い争う、口げんかをする
 wrath[名],激怒
 wreak[動],（破壊などを）引き起こす
 wreckage[名],難破、破滅、残骸
 wrench[動],ねじる、ねじり取る、捻挫する
 wrestle[動],取り組む、戦う、レスリングをする
 wriggle[動],体をくねらせる、のたくりながら進む、すりぬける
 yardstick[名],基準、尺度
 zeal[名],熱意
 zenith[名],天頂、頂点
