(be) subject to ～,～を受けやすい、～に陥りやすい
 abandon[動],断念する、捨てる、見捨てる
 abolish[動],廃止する、なくす
 abortion[名],妊娠中絶
 abound[動],たくさんある（いる）、あふれている
 abridged[形],要約された、短縮された
 abruptly[副],不意に、突然
 absorb[動],吸収する
abstain from ～,～を慎む、控える
 abstract[動],〜を取り除く、取り去る
 abstract[形],抽象的な
 absurd[形],ばかげた、道理に合わない
 abundant[形],豊富な、十分な
 abuse[動],乱用する、虐待する
 accelerate[動],加速させる、促進する
 acceptance[名],承諾、引き受け、容認
 access[名],接近（方法）、入手/利用する機会
 accidentally[副],誤って、偶然に
 accommodate[動],（ホテル/施設が）～を収容する、収容能力がある
 accompany[動],付き添う、同行する、添付する
accord with ～,～に一致する、～と調和する
 accord[動],（許可などを）与える
 accord[名],一致
 accreditation[名],認可、公認、認定
 accumulate[動],蓄積する、積み上げる
 accusation[名],告発
 acid[名],酸
 acid[形],酸性の
 acknowledge[動],認める、認識する
 acoustic[形],聴覚の、音響（学）の
acquaint ～ with …,～に…を知らせる
 acquire[動],習得する、獲得する、手に入れる
acquit ～ of …,～を…について無罪とする、～を…の義務から解放する
 activate[動],活性化する、作動させる
 activist[名],（政治的な）活動家、運動家
 acute[形],（痛みが）鋭い、急性の、(事態が）深刻な、重大な
adapt to ～,～に適応する、適応させる
 adapt[動],適応する、適応させる
 addiction[名],（薬物への）依存、中毒
 addictive[形],中毒性のある、習慣性のある
 additive[名],（食品などの）添加物
 address[動],～（問題など）に取り組む/対処する、～（問題など）を取り扱う
 adequate[形],十分な、適切な
 adhesive[形],粘着性のある
 adjacent[形],近くの、（～に）隣接した (to ～)
 adjoining[形],隣の
 adjust[動],調整する、順応する、適応する
 administer[動],管理する、運営する
 administration[名],管理、経営、政権
 admiration[名],賞賛、感嘆
 admission[名],入場（料）、入会（料金）、入学（許可）
 admittedly[副],誰もが認めるように、確かに、なるほど
 admonish[動],～に忠告する、～を諭す
 adolescent[名],若者、青年
 adolescent[形],青年期の、思春期の
 adopt[動],採用する、導入する
 adorable[形],愛らしい、魅力的な
 advanced[形],進んだ、進歩した、上級の
 adverse[形],有害な、不利な、敵対する、逆方向の
 advocate[動],提唱する、支持する、推奨する、弁護する
 advocate[名],提唱者、支持者、弁護人
 affiliate[動],提携する、提携させる
 affirmation[名],肯定、断言、確約
 afflicted[形],苦しんでいる、苦しめられた
 affluent[形],裕福な、豊富な
 agenda[名],議事、議題、議事日程
 aggravate[動],悪化させる、悩ませる
 aggressive[形],攻撃的な、押しの強い
 agitate[動],扇動する、動揺させる
 agricultural[形],農業の
 alert[動],注意を喚起する、警告する
 alert[形],警戒して、油断のない、注意を怠らない
 alien[形],外国（人）の、異質の
 alienate[動],遠ざける、無視する、疎外する
 alimony[名],扶養料、別居/離婚手当
 allege[動],主張する、断言する、申し立てる
 alleviate[動],（苦痛などを）軽減する、和らげる
 alliance[名],同盟、提携
 allocate[動],割り当てる、配分する
 allowance[名],こづかい、手当
 alongside[前],〜と一緒に、同時に、と並行して
 alter[動],変える、変更する
 alteration[名],変更、修正
 alternate[動],交互に行う、交互に入れ替える
 alternate[形],代替の、交互の
 alternative[名],代替物、代替手段、代案
 alternative[形],代わりの、代替の、二者択一の
 altitude[名],高度、標高
 ambiguous[形],曖昧な、不明瞭な、どちらともとれる
 amend[動],（法律などを）修正する
 amendment[名],改正、修正、修正条項
 amenity[名],生活を快適にする施設/環境、アメニティ、快適さ
 amicable[形],友好的な
 ammunition[名],弾丸、弾薬、論拠となる情報
 amnesty[名],恩赦
 amplify[動],増幅する、拡大する
 analogy[名],例え、類似点、類推
 analyze[動],分析する
 anatomy[名],（生物の）生体構造、解剖学的構造、組織
 ancestor[名],祖先、先祖
ancient[形],古代の、大昔の
 anecdote[名],逸話
 annotation[名],注釈
 annoyance[名],いらいら、頭痛の種
 annual[形],年次の、毎年の、年に1回の
 anonymity[名],匿名、匿名性
 anonymous[形],匿名の
 anthem[名],賛歌、祝歌
 anthropologist[名],人類学者
 antibiotic[名],抗生物質
 antiquity[名],古代、遺物、遺跡
 apparent[形],明らかな、明白な、はっきりした
 apparently[副],外見上、見たところでは、明らかに
 applaud[動],拍手喝采する、称賛する
 appliance[名],（家庭用の）器具、電化製品
 applicable[形],適用される
 applicant[名],応募者、志願者
 application[名],申し込み、応募、出願、申請
 appreciate[動],感謝する、～をありがたく思う
 apprehension[名],懸念、心配
 apprentice[名],見習い、実習生
 appropriate[形],適切な、ふさわしい
 approve[動],承認する、了承する
 approximately[副],およそ、約～
 aptitude[名],才能、適性
 aquatic[形],水生の、水中の
 arc[名],弧、円弧
 archaeologist[名],考古学者
 architect[名],建築家、建築士
 archive[動],（文書などを）アーカイブに保管する
 archive[名],公文書、記録、記録保管所
 Arctic[形],北極の
 argument[名],議論、口論、主張
 arid[形],乾燥した、不毛の、（話などが）つまらない
 arise[動],生じる、起こる
 aristocrat[名],貴族
 arouse[動],喚起する、かき立てる
 array[名],配列、隊列
 arrogant[形],横柄な、無礼な、傲慢な
 articulate[形],(人が）明瞭に話す能力がある、はっきりと発音された、(意味などが）はっきりと伝わる
 artifact[名],人工物、工芸品、加工品、人工遺物
 artificial[形],人工の、人工的な
 ascent[名],昇ること、上昇、昇進
 aspire[動],熱望する
 assault[動],暴行する、襲撃する
 assemble[動],組み立てる、集める
 assess[動],評価する、査定する
 assessment[名],評価、査定、（環境などの）アセスメント
 asset[名],資産、財産
 assignment[名],（任務などの）割り当て、課題、宿題
 assimilate[動],同化する、吸収する
 assistance[名],補助、援助、助力
 associate[動],関連づける、結び付けて考える、連想する
 associate[形],補助の、副〜
 assume[動],推定する、想定する、みなす、思い込む
 assumption[名],仮定、想定、憶説、前提
 assure[動],保証する、請け合う
 astronomer[名],天文学者
 atmosphere[名],雰囲気
 atmosphere[名],大気、大気圏
 attendant[名],添乗員、随行員、接客係
 attentive[形],注意深い、注意をはらっている
 attorney[名],弁護士、法定代理人
 attractive[形],魅力的な
 audible[形],聞こえる、聞き取れる
 auditor[名],（大学の）聴講生、会計検査官
 authentic[形],真正な、本物の
 authorize[動],公認する、権限を与える
 autobiography[名],自叙伝
 autograph[名],サイン、自筆
 autonomy[名],自治、自治権、自主性
avail ～ nothing,～にとって役に立たない
 availability[名],利用（入手）できること、（人の）手が空いている状態
 avoidance[名],回避、回避すること
 awareness[名],気づいていること、認識
 awkward[形],不格好な、ぎこちない、気まずい
 axis[名],軸、軸線
 backbone[名],背骨、支柱、重要な要素
 backtrack[動],来た道を引き返す
 bait[名],（釣り針に付ける）餌
 ballot[名],票、投票、投票用紙
 ban[動],禁止する
 ban[名],禁止、禁止令
 banish[動],追放する、追い払う
 bankrupt[形],破産した
 barbarian[名],野蛮人
 barely[副],ほとんど～ない、かろうじて
 bargain[名],掘り出し物、お買い得品
 barn[名],納屋、家畜小屋
 barren[形],（土地が）不毛の、(動物が)不妊の
 barricade[名],バリケード、障害物
 baseline[名],基底線、基準線、基準値
 batter[動],繰り返し殴る
 beam[動],ほほえむ、（光、電波などを）発する
 bearable[形],耐えられる、我慢できる
 behavioral[形],行動の、行動に関する
 beneficial[形],有益な、役に立つ
 beneficiary[名],（保険、年金など）受取人、恩恵を受ける人
 betray[動],裏切る、だます、（秘密などを）漏らす
 bewilder[動],当惑させる、困惑させる
biased[形],偏見のある、先入観を持った
 bid[動],入札する
 binding[形],拘束力のある
 biological[形],生物学（上）の
 bizarre[形],風変りな、異様な
 blaze[名],炎、火炎
 bleak[形],暗い、希望のない、寒々しい、荒れはてた
 blink[動],まばたきする
 blissfully[副],この上なく幸せに
 blockade[名],封鎖
 blow[名],強打、殴打、打撃
 blunder[名],大失敗
 boast[動],自慢する、誇る
 bond[名],きずな、結び付き
 boom[名],（経済の）急成長、人気、（爆発などの）とどろき、ブーム
 boost[動],上昇させる、高める、促進する
 boost[名],押し上げ、（金額などの）上昇
 botanical[形],植物の、植物学の
 botany[名],植物学
 bounce[動],はずむ、跳ねあがる
 boundary[名],境界
 boundless[形],無限の、広大な
 bountiful[形],豊富な、物惜しみしない
 brand[動],烙印を押す
 brand[名],ブランド、銘柄
 bravery[名],勇敢さ
 breach[動],（壁などを）破壊する、（規則などを）破る
 breach[名],（約策、契約などの）違反、不履行
 breadth[名],幅、広がり
 breakout[名],脱走、逃亡、突発的な発生
 breakthrough[名],飛躍的進歩、躍進
 breed[動],飼育する、繁殖させる
 breed[名],品種、（動、植物の）種類
 bribe[動],買収する、賄賂を贈る
 bribe[名],賄賂
 brilliant[形],輝きのある、頭の切れる、素晴らしい
 brisk[形],きびきびした、活気のある
 brochure[名],小冊子、パンフレット
 broker[動],仲介する
 broker[名],仲介業者、ブローカー
 browse[動],拾い読みする、ぶらぶら商品を見てまわる
 brutal[形],残忍な、野蛮な
 budget[名],予算
 bulky[形],大きい、かさばる、扱いにくい
 bully[動],いじめる
 bully[名],いじめっ子
 bump[動],ぶつかる、ぶつける
 bundle[名],束、ひとかたまり
 burden[名],重荷、負担
 bureau[名],（官庁の）局
 burglary[名],住居侵入窃盗、押し込み
 burst[動],破裂する、爆発する
 burst[名],爆発、破裂
 bystander[名],傍観者、見物人
 calamity[名],災難、災害
 candid[形],包み隠しのない、率直な、公平な
 candidate[名],候補者
 capability[名],能力、才能
 capacity[名],容量、収容能力、生産能力
 capital[名],資本金、資本
 capital[名],首都、中心都市
 capsize[動],（船などが）転覆する、ひっくり返る
 caption[名],（写真などの）説明文、表題、見出し
 captive[形],捕らわれた、捕獲された
 captivity[名],捕らわれの身、隷属、拘留
 capture[動],捕獲する、捕まえる、記録する
 capture[名],捕獲
 carve[動],彫る、刻む
 casualty[名],犠牲者、死者
 catastrophe[名],破滅的状況、大惨事、大災害
 category[名],部類、範疇
 cater[動],（食事などを）まかなう、提供する、（要求に）応じる
 cautious[形],注意深い、慎重な
 celebrity[名],有名人、セレブ
 cell[名],細胞、小部屋、セル（電池の構成単位の1つ）
 censor[動],検閲する
 censorship[名],検閲
 census[名],人口調査、国勢調査
 centralize[動],中央集権化する、集中させる
 ceremonial[形],儀式の
 certify[動],証明する、保証する
 certitude[名],確信、確実性
 challenge[動],挑戦する、異議を唱える
 challenge[名],課題、難問、挑戦
 challenging[形],やりがいのある、困難な
 chancellor[名],(英)大臣、(米)学長、首相
 chaotic[形],混沌とした、無秩序な
 characteristic[名],特徴、特性
 characteristic[形],特徴のある、独特の
 charitable[形],慈善の、気前が良い
 checkup[名],健康診断、検査、点検
 chemical[名],化学物質（薬品）
 chemical[形],化学の
 cherish[動],心に抱く、大事にする
 choke[動],窒息させる、むせさせる、詰まらせる
 chore[名],雑用
 chronic[形],慢性の、慢性的な
 chronological[形],（情報の配列が）年代順の
 circuit[名],巡回、迂回、回路
 circulate[動],広まる、配布される、循環する
circulation[名],循環、流通、発行部数、（図書の）貸し出し（部数）
 cite[動],引用する、引き合いに出す、挙げる
 civilization[名],文明
 clarify[動],明らかにする
 clash[名],衝突、（意見などの）対立
 classified[形],機密扱いの
 classify[動],分類する
 clause[名],条項、(文中の)節
 clerical[形],事務の、事務職の
 climatic[形],気候の、風土の
 clinical[形],臨床の
 closure[名],閉鎖
 clue[名],手がかり、糸口、端緒
 clumsy[形],下手な、不器用な、ぎこちない
 clutch[動],ぐいとつかむ、握る
 coalition[名],有志連合、（政党などの）連立
 coarse[形],きめの粗い、ざらざらした、粗野な
 coauthor[名],共著者
 coexist[動],共存する
 cognitive[形],認知の、認知に関する
 coherent[形],首尾一貫した、理路整然とした
 coincide[動],一致する、同時に起こる
 coincidence[名],（偶然の）一致、同時発生
 collaborate[動],協力する、共同する
 collapse[動],崩壊する
 collapse[名],崩壊
 colleague[名],同僚
 collective[形],集団の、共同の
 collision[名],衝突、対立
 colonization[名],植民地化
 colonize[動],植民地化する、コロニーを作る
 combat[動],戦う
 combat[名],戦闘
 command[動],命ずる
 command[名],命令
 commemorate[動],記念する、祝う、追悼する
 commence[動],開始する
 commend[動],ほめる、推奨する
 commendable[形],賞賛されるべき、立派な
 commercial[名],コマーシャル
 commercial[形],商業の
 commission[名],委託、任務、委員会、手数料
 commit[動],（罪など）を犯す
 commitment[名],傾倒、献身、約束
 commodity[名],商品、日用品、産物
 communal[形],共同の、公共の、共同社会の
 commute[動],通勤（通学）する
 commute[名],通勤（通学）
 companion[名],仲間、相手、連れ
 comparable[形],匹敵する、同程度の
 compartment[名],（仕切った）一区画
 compassion[名],同情、あわれみ
 compelling[形],説得力のある、強制的な
 compensation[名],賠償、補償
 compete[動],競う
 competence[名],能力、資格
 competent[形],能力のある、適格な、満足な
 competitive[形],競争的な、競争力のある、競争の激しい
 compile[動],編集する、編纂する
 complacent[形],自己満足の
 complaint[名],不平、苦情、告訴
 completion[名],完了、終了
 complex[名],複合体、複合施設、総合ビル
 complex[形],複雑な、複合の
 compliance[名],追従、順守
 complicate[動],複雑にする
 complication[名],複雑、混乱、合併症
 compliment[動],褒める、称賛する
 compliment[名],賛辞、お世辞、褒め言葉
 complimentary[形],優待の、無料の
 component[名],構成要素、部品
 composed[形],落ち着いた
 composure[名],落ち着き、平静
 compound[名],複合物、化合物
 comprehensive[形],包括的な、広範囲な
 compression[名],圧縮
 comprise[動],（～から）成る、（～を）包含する、（～を）構成する
 compromise[名],妥協、歩み寄り
 compulsory[形],必修の、強制的な、義務の
 conceal[動],隠す、隠ぺいする
 concede[動],譲歩する、（しぶしぶ）認める
 conceivable[形],想像できる、あり得る
 concession[名],譲歩
 concise[形],簡潔な
 conclusive[形],決定的な、最終的な
 condemn[動],非難する
 condiment[名],薬味、香辛料
 conditional[形],条件付きの
 condolence[名],弔意、悔やみ、哀悼の辞
 confederation[名],同盟、連合
 confer[動],授与する、授ける、話し合う、協議する
 conference[名],会議、協議会
 confession[名],告白
 confidence[名],信頼、信用、自信
 confident[形],自信がある、確信して、自信に満ちた
 confidential[形],機密の、マル秘の
 confine[動],（ある範囲に）限定する、制限する
 confirm[動],（真実であることを）確認する、裏付ける
 confirmation[名],確認
 conflict[動],対立する、矛盾する、(予定などが)かち合う
 conflict[名],争い、対立、紛争
 conflicting[形],相反する、矛盾する
 conform[動],（規則などに）従う、一致する
 confound[動],当惑させる、混乱させる
 confront[動],直面する、取り組む、対決する
 confrontation[名],対立
 congestion[名],密集、混雑
 congregate[動],集まる、集合する、召集する
 connotation[名],言外の意味、含蓄
 conquest[名],征服、勝利、克服
 conscience[名],良心、分別
 consecutive[形],連続した、間をおかない
 consensus[名],合意、意見の一致
 consent[名],同意、承諾
 consequence[名],結果、成り行き、影響
 conserve[動],保護（保存）する
 considerable[形],(数量、程度などが）かなりの
 considerate[形],思いやりのある、理解のある
 consistency[名],一貫性
 console[動],慰める
 consolidate[動],強固にする、統合する
 conspicuous[形],人目を引く、目立つ
 conspiracy[名],陰謀、共謀
 constituent[名],構成要素、成分、有権者
 constitute[動],構成する
 constitution[名],憲法
 constrain[動],抑制する、を強いる
 constraint[名],束縛、制約
 construction[名],建設
 consultation[名],相談、診察を受けること
 consume[動],消費する
 consumption[名],消費
 contagious[形],接触伝染性の、伝染しやすい
 contaminate[動],汚染する
 contemplate[動],熟考する
 contemporary[形],現代の、現代的な
 contempt[名],軽蔑
 contend[動],主張する、争う
 contentment[名],満足（感）、充実感
 context[名],前後関係、文脈、状況
 contract[動],（協定など）を結ぶ、契約する
 contract[名],契約、契約書
 contradict[動],矛盾する、否定する、反論する
 contradictory[形],矛盾した
 contrary[形],反対の
 contrast[動],～を（～と）対照する、対比する（with～）
 contrast[名],（際立った）相違、対照
 contribution[名],貢献、寄与
 controversial[形],物議を呼ぶ、議論の余地のある
 controversy[名],論争
 convene[動],招集する
 conventional[形],伝統的な、因習的な、従来の
 converge[動],収束する
 conversant[形],精通している
 conversion[名],転換、改宗、換算
 convert[動],変える、転換させる、改造する
 convey[動],運ぶ、伝える
 conviction[名],確信、有罪判決
 convince[動],納得させる、説得する
 cooperative[形],協力的な
 coordinate[動],協調させる、調整する
 cordial[形],思いやりのある、心からの
 corporation[名],法人、企業
 correlation[名],相互（相関）関係、相関性
 correspondence[名],通信、（手紙やメールでの）やり取り
 corridor[名],廊下、回廊
 corrosion[名],腐食、浸食
 corrupt[形],腐敗した、堕落した
 cosmological[形],宇宙論的な
 cosmopolitan[形],世界主義的な、全世界的な
 costly[形],高価な、値段のはる
 council[名],（地方）議会
 counter[動],反論する
 counterfeit[形],偽造の
 counterpart[名],相当/対応する物（人）
 countless[形],無数の、数え切れない
 county[名],郡
 court[名],法廷、宮廷
 courteous[形],礼儀正しい、丁重な
 coverage[名],取材、報道
 cozy[形],居心地のよい
 cram[動],詰め込む、一夜漬けの勉強をする
 cramp[動],けいれんを起こさせる
 cramp[名],痙攣、（足の）つり、急激な腹痛
 crawl[動],はう、はって進む
 creativity[名],創造（独創）力（性）
 credibility[名],信用できること、信頼性
 credit[名],貸付、つけ
 creditor[名],債権者
 creep[動],忍び込む、這う、這って進む
 crest[名],頂上、鳥のとさか、紋章
 crisis[名],危機
 criterion[名],基準、尺度
 critical[形],重大な、決定的な、危機的な、
 criticism[名],批判、批評
 crooked[形],曲がっている
 crucial[形],重要な、決定的な
 crude[形],天然の、未精製の、粗雑な
 cue[名],合図、手掛かり
 cuisine[名],料理
 cult[名],カルト、カルト集団
 cultivate[動],栽培する、育てる、養殖する
 cunning[形],悪賢い、ずるい、巧妙な
 curable[形],治療できる、治癒可能な
 curator[名],（図書館、美術館などの）館長、学芸員
 curb[動],抑える、抑制する
 curfew[名],門限
 curious[形],好奇心が強い
 currency[名],通貨
 current[名],（水、空気の）流れ
 current[形],今現在の
 custody[名],養育権、保護、拘留
 customary[形],習慣的な、慣例の、通常の
 cynical[形],冷笑的な、皮肉な
 dangle[動],ぶら下がる、垂れる
 daring[形],大胆不敵な、無鉄砲な
 debit[動],（金額などを）引き落とす
 debris[名],がれき、破片、残骸、がらくた
 debt[名],負債、借金
 decay[動],腐る、荒廃する、衰える
 decay[名],腐敗、虫歯
 deceased[形],死んだ
 deceitful[形],詐欺の
 decent[形],そこそこの、まともな、上品な
 deception[名],だますこと、詐欺、詐欺行為
 deceptive[形],人を誤らせる、誤解を招くような
 decisive[形],決定的な、明白な
 declare[動],申告する
 decline[動],断る
 decline[名],減退、減少
 decode[動],解読する、暗号を解く
 decompose[動],分解する、腐敗する
 decor[名],装飾（様式）
 decrepit[形],老いぼれた、老衰した
 dedicated[形],献身的な
 dedication[名],献身、専念、（本などの）献辞
 deduct[動],差し引く
 deduction[名],推論、演繹
 deem[動],～と見なす、～と考える
 defect[名],欠陥、欠点
 defective[形],欠陥のある、不完全な
 defendant[名],被告
 defensive[形],防御（防衛）の、守備の
 defer[動],延期する
 deficiency[名],不足、欠乏
 deficit[名],赤字
 define[動],定義する、意味を明らかにする
 definitely[副],明確に、はっきりと、間違いなく
 deflect[動],～をそらす、～の方向を変える
 deforestation[名],森林伐採、森林破壊
 deformity[名],変形
 degrade[動],価値を下げる、地位を落とす、解体させる
 dehydration[名],脱水症状、脱水、乾燥
 dejected[形],気落ちした
 delegate[動],（権限や仕事を）委任する、任せる
 delete[動],削除する、消す
 deliberate[動],熟慮する
 deliberate[形],故意の、計画的な
 demolish[動],（建物などを）解体する、取り壊す
 demonstrate[動],明示する、論証する、説明する
 demote[動],降格させる
 demotion[名],降格
 dent[名],（衝撃を受けてできた小さな）へこみ
 dependency[名],依存、従属、属国、属領
 depict[動],描く、描写する
 deploy[動],配置する、配備する
 deposit[動],預金する、預ける、保管する、堆積させる
 deposit[名],預金、敷金、保証金、埋蔵物
 depot[名],貯蔵場所、（鉄道・バスなどの）発着場
 depression[名],うつ病
 deranged[形],錯乱した
 derive[動],（化合物を）抽出する、引き出す
 descendant[名],子孫、末裔
 descent[名],降下、家系、血統
 deserted[形],人の気配がない
 deserve[動],～に値する
 designate[動],指定する、指名する
 desist[動],やめる
 desperate[形],（人、努力が）必死の
 despise[動],見下す、軽蔑する
 destination[名],目的地
 detachment[名],冷静さ、感情を交えないこと、分遣隊
 detect[動],見つける、検出する、発見する
 detention[名],拘留、居残り
 deteriorate[動],悪化する、悪化させる
 detonate[動],爆発させる、起爆する
 detour[名],回り道、う回路
 devastate[動],困惑させる、打ちのめす、荒廃させる
 developer[名],宅地開発業者、開発者
 devise[動],考案する、考えだす
 devoted[形],献身的な、熱心な
 devour[動],をむさぼり食う、がつがつ食う
 diagnose[動],（病気などを）診断する
 diagnosis[名],診断、分析
 dialect[名],方言
 diameter[名],直径
 dictate[動],指図する、書き取らせる
 digestion[名],消化
 dignity[名],尊厳、威厳
 dilemma[名],板ばさみ、ジレンマ、窮地
diligent[形],勤勉な
 dilution[名],（価値などの）減少、薄めること、希釈物
 dimension[名],側面、特質、次元
 diminish[動],減らす、小さくする
 dioxide[名],二酸化物
 diploma[名],卒業証書、免許状
 diplomat[名],外交官
 disabled[形],身体に障害のある
 disastrous[形],悲惨な、壊滅的な
 discard[動],捨てる、廃棄する
 discharge[動],放出する
 discipline[動],しつける
 discipline[名],規律、しつけ、鍛錬
 disclose[動],公表する、暴露する
 discomfort[名],不快、辛苦
 discontent[名],不満
 discord[名],不一致
 discourage[動],やる気を失わせる、思いとどまらせる、妨げる
 discouraging[形],がっかりさせる（ような）
 discredit[動],の信用を傷つける
 discreet[形],思慮分別のある、慎重な
 discretion[名],思慮分別、慎重
 discriminate[動],差別する、区別する
 disengage[動],を離す、を自由にする
 disgrace[名],不名誉
 disguise[動],変装させる、隠す
 disguise[名],変装
 disgust[動],むかつかせる
 disgust[名],嫌悪、反感
 dislocate[動],脱臼させる
 dismal[形],陰気な、憂うつな
 dismantle[動],（機械などを）分解する
 dismay[動],失望させる、がっかりさせる、狼狽させる
 dismay[名],落胆
 dismiss[動],解散させる、散会させる
 disobedience[名],不服従、違反
 disorder[名],（心身機能の）障害、疾患
 dispatch[動],派遣する
 dispel[動],追い散らす、払い去る
 dispensable[形],たいして重要でない、なくても困らない
 disperse[動],分散させる、追い散らす
 dispirit[動],をがっかりさせる、を落胆させる
 displace[動],立ち退かせる、置き換える、取って代わる
 disposal[名],処分、処理、売却
 disprove[動],（～の）反証を挙げる、誤っていることを示す、（～を）論ばくする
 dispute[動],論争する、異議を唱える
 dispute[名],論争
 disregard[動],無視する、軽視する
 disrupt[動],破壊する、混乱させる、妨害する
 disruption[名],混乱、中断、妨害、分裂
 disruptive[形],破壊的な、規律を乱す
 dissolve[動],溶ける、溶かす
 distinct[形],明らかに異なる、独特の
 distinguished[形],著名な
 distort[動],ゆがめる、ねじる
 distract[動],（注意などを）そらす、気を散らす
 distress[動],悩ませる、悲しませる
 distress[名],苦悩、心痛、貧困
 distribution[名],配布、配送
 disturb[動],混乱させる、妨害する
 ditch[名],溝
 diverge[動],分かれる、分岐する、発散する
 diverse[形],多様な
 diversion[名],迂回路、(進路などの)転換、気晴らし
 diversity[名],多様性
 divert[動],（注意などを）そらす
 divine[形],神聖な
 divorce[名],離婚
 docile[形],柔順な
 domestic[形],国内の、国産の、家庭の
 dominance[名],支配、優勢
 dominate[動],支配する、優位に立つ
 donate[動],寄付する、寄贈する
 doom[動],（失敗、運命などを）決定的なものとする
 doom[名],運命、宿命
 dormant[形],（火山が）活動休止中の、休眠中の
 downfall[名],転落、失脚、（雨などの）大降り
 downplay[動],重要視しない
 downturn[名],下降、下落、沈滞
 draft[名],草稿
 drag[動],引きずる、のろのろと動く
 drain[名],下水、排水
 drastic[形],徹底的な、劇的な、思い切った
 drawback[名],欠点、難点
 dread[動],ひどく恐れる
 dread[名],恐怖
 dreary[形],退屈な、ものわびしい
 drought[名],干ばつ、渇水
 drowsy[形],眠い、眠気を誘う
 dubious[形],疑わしい、いかがわしい
 due[形],（支払）期日で
 dump[動],（ごみなど）をまとめて捨てる
 dump[名],ゴミ捨場
 duplicate[動],複製する、複写する
 duplicate[形],複製の、二重の
 durable[形],耐久性のある、丈夫な
 duration[名],継続、持続、継続時間（期間）
 dutifully[副],忠実に、従順に
 dweller[名],住民
 ease[名],楽、安楽、容易さ
 ecosystem[名],生態系
 edge[名],縁、端、周辺
 edible[形],食べられる、食用の
 effective[形],効果的な
 efficient[形],効率的な、効率のよい
 eject[動],噴出する、追い出す
 elaborate[形],手の込んだ、入念な
 elevation[名],高さ、上昇
 eligible[形],適格な、資格がある
 eliminate[動],除去する、削除する
 eloquent[形],雄弁な、説得力のある
 embarrassment[名],当惑、恥ずかしさ
 embrace[動],抱擁する、（考えなどを）受け入れる、（中に）含む
 emerge[動],現れる、出現する、生まれる
 emergency[名],緊急事態、非常時
 emigrate[動],（他国へ）移住する
 emigration[名],（他国などへの）移住
 emission[名],放出、排出
 empathy[名],共感、感情移入
 emphasize[動],強調する
 employment[名],雇用
 empower[動],力をつける、権限を与える、自信を持たせる
 enable[動],可能にする
 enact[動],（法律などを）制定する
 enchant[動],魅了する
 enclosure[名],囲われた土地、囲い込み
 encounter[動],遭遇する
 encounter[名],邂逅、出会い
 endanger[動],危険にさらす
 endangered[形],絶滅寸前の、絶滅の危機にひんした
 endorse[動],（商品を）ほめる、推薦する
 endow[動],授ける、与える、寄付する
 endure[動],耐える、辛抱する、持ちこたえる、我慢する
 enforce[動],（法律などを）施行する
 engage[動],～を従事させる
 enhance[動],（価値、能力などを）高める、向上させる、
 enlist[動],協力する、入隊する
 enliven[動],を活気づける
 enormous[形],巨大な、莫大な
 enrich[動],豊かにする
 enroll[動],登録する、入会する
 enrollment[名],登録、入学
 ensue[動],続いて起こる、結果として起こる
 ensure[動],保証する、確実にする
 entangle[動],もつれさせる、絡ませる
 enterprise[名],企業、事業
 entrepreneur[名],起業家、事業家
 entrust[動],任せる、ゆだねる
 envelop[動],包む
 enviable[形],うらやましい、ねたましい
 envious[形],ねたんで
 envision[動],想像する、心に描く
 envoy[名],外交使節、公使、政府の特使
 epidemic[名],流行病、伝染病
 epidemic[形],伝染性の
 equality[名],平等、対等、等しいこと
 equivalent[名],同等品、相当するもの
 equivalent[形],等しい、相当する、同等の
 equivocal[形],はっきりしない、両義にとれる
 era[名],時代、年代
 erect[動],建てる、直立させる
 erode[動],浸食する、腐食する、徐々に損なわれる
 erosion[名],浸食（作用）、腐食（作用）
 errand[名],使い
 erratic[形],不規則な、一貫性のない、異常な
 erupt[動],爆発する、噴火する
 eruption[名],噴火
 escalate[動],(段階的に)拡大/増大する
 escort[動],付き添う、護衛する
 esteem[動],尊敬する、尊重する
 esteem[名],尊敬、尊重
 eternity[名],永遠
 ethics[名],倫理、道徳、倫理学
 ethnicity[名],民族性
 evacuate[動],避難させる、立ち退かせる
 evacuation[名],避難
 evaluate[動],評価する、査定する
 evaporate[動],蒸発する
 eventually[副],最終的には、結局は
 evoke[動],呼び起こす、喚起する
 evolution[名],進化、発展
 evolve[動],進化する、発達する、発展する
 exaggerate[動],誇張する、大げさに言う
 exaggeration[名],誇張
 exceed[動],～にまさる、～の上を行く、超える
 excel[動],秀でている、卓越する
 exception[名],例外
 exceptional[形],例外的な、異常な、まれな
 excerpt[名],引用、抜粋
 excessive[形],過度の、極端な
 exclusive[形],排他的な、独占的な
 execute[動],実行する、制作する
 executive[名],重役、役員
 exemplify[動],例証する、良い例となる
 exempt[形],免除された
 exemption[名],（義務などの）免除、（米）控除額
 exert[動],（影響などを）及ぼす
 exhale[動],息を吐き出す
 exhausting[形],（仕事などが人を）極度に疲れさせる
 exile[名],亡命（者）、国外追放(者）
existence[名],存在、実在
 exotic[形],外来の、エキゾチックな
 expand[動],広げる、拡張する、拡大する
 expel[動],追放する、排出する
 expenditure[名],費用、出費、支出
 expense[名],経費、出費、支出
 experienced[形],経験豊富な
 experimental[形],実験の、実験的な
 expertise[名],専門的知識、専門技術
 expire[動],期限切れになる、息をひきとる
 explicit[形],明白な、明確な、率直な
 exploit[動],利用する、つけ込む、搾取する、開発する
 exploit[名],偉業
 explore[動],探検する、探究する、調査する
 explosion[名],爆発、破裂
 expose[動],さらす、暴露する
 exposure[名],（自然環境や危険に）さらされていること
 extensive[形],広範囲にわたる
 exterminate[動],（害虫などを）駆除する
 extinction[名],絶滅、消滅
 extinguish[動],（火などを）消す
 extort[動],強要する、無理強いする
 extract[動],抽出する
 extract[名],抽出物（エキス）
 extraordinary[形],並はずれた
 extravagant[形],浪費する、金遣いの荒い
 extremity[名],先端、極度
 fabricate[動],作り上げる、でっちあげる、製作する
 facade[名],（建物の）正面、外見
 facilitate[動],容易にする、促進する
 facility[名],設備、施設
 faculty[名],（大学の）教授陣、学部
 faith[名],信頼、信仰、信念
 fake[形],にせ物の
 falsify[動],変造する、改ざんする
 fame[名],名声
 familiarize[動],～に精通させる、～に親しませる
 famine[名],飢饉
 fanatically[副],熱狂的に
 fascination[名],魅了
 fatal[形],致命的な、命にかかわる
 fatality[名],死亡者、死亡者数
 fatigue[名],疲労
 faulty[形],欠陥のある、誤った
 feasible[形],実現（実行）可能な
 feast[名],祝宴、ごちそう
 federal[形],連邦の、連邦政府の
 fertility[名],肥沃、多産、受精率
 fertilizer[名],肥料
 fictional[形],作り話の、架空の
 fictitious[形],創作の、架空の、偽りの
 fierce[形],猛烈な、激しい、どう猛な
 filthy[形],卑猥な、不潔な
 finance[動],出資する
 finance[名],財政、財務、金融
 finding[名],発見、調査結果
 fine[動],〜に罰金を科す
 fine[名],罰金
 firm[名],会社
 firsthand[副],直接
 fitfully[副],断続的に
 fixated[形],異常に執着した
 flare[動],（炎が）ゆらめく
 flaw[名],欠陥、不具合、不備
 flexible[形],柔軟な、融通のきく
 flicker[名],揺らめく炎、ちらつき
 flip[動],を（ぱっと）裏返す、をめくる
 flock[動],群がる
 flock[名],（鳥、ヒツジなどの）群れ
 flourish[動],繁栄する、繁殖する、繁茂する
 fluently[副],流ちょうに、ペラペラと
 fluid[名],液体、流動体
 fluid[形],流動的な
 foe[名],敵、かたき
 foil[動],失敗させる、挫折させる
 folklore[名],民間伝承、民俗学
 forbid[動],〜を禁じる、許さない
 foresight[名],先見、将来への洞察
 forestry[名],林学、森林管理（法）、森林地帯
 foretell[動],予言する
 forfeit[動],失う、没収される
 forgo[動],なしですませる、慎む
 formalize[動],形式化する、を正式のものにする
 formidable[形],手ごわい、ぞっとするような
 formulate[動],（計画など）をまとめる、作り上げる、公式化する、明確に述べる
 forthcoming[形],来たるべき、今度の
 fortune[名],富、財産、幸運
 forum[名],公開討論会
 fossil[名],化石
 foster[動],促進する、育む
 fraction[名],わずか、ほんの一部、断片
 fracture[名],割れ目、裂け目、骨折
 fragile[形],壊れやすい、もろい
 fragment[名],かけら、断片、破片
 fragrance[名],芳香、香水
 fragrant[形],香りの良い、芳香性の
 frail[形],ひ弱な、はかない、もろい
 frantic[形],熱狂した、狂乱した
 fraud[名],詐欺、不正行為
 freight[名],貨物
frenzy[名],逆上、激高、精神錯乱状態
 friction[名],摩擦、不和
 fright[名],恐怖、驚き、奇怪な人
 frustrate[動],イライラさせる、失望させる
 fuel[名],燃料
 fulfill[動],（要求、目的などを）満たす、かなえる
 fumble[動],手探りする、いじくる
 fumigate[動],〜を燻蒸消毒する
 fund[動],資金を出す
 fund[名],資金、基金
 fundamental[形],基本的な、根本的な
 furious[形],激怒した、憤慨した
 furnish[動],（部屋などに）家具を備え付ける
 furry[形],毛皮におおわれた、毛皮を着た
 furthermore[副],おまけに、さらに、その上
 furthermost[形],最も遠い（離れた）
 fusion[名],融合、統合、（政党などの）連立
 futile[形],無駄な、無益な、くだらない
 gap[名],ギャップ、格差、隔たり
 gauge[動],測定する、評価する、判断する
 genaralization[名],一般化、概括
 gender[名],（社会的・文化的）性別
 generate[動],発生させる、作り出す
 generosity[名],気前の良さ、寛大さ
 genetic[形],遺伝的な、遺伝子の
 genetically[副],遺伝子的に
 genuine[形],純粋な、誠実な、本物の
 geometry[名],幾何学
 glare[名],ギラギラする光、まぶしい輝き
 gleam[名],かすかな光、ひらめき
 glimpse[名],ちらりと見ること
 gloomy[形],陰気な、薄暗い
 gracious[形],親切な
 grant[動],与える、許可する
 grant[名],補助金、助成金
 grasp[動],握る、把握する、理解する
 gratify[動],～を喜ばせる
 gratitude[名],感謝（の意）
 grave[名],墓
 grave[形],重大な、荘重な
 gravitational[形],重力の、引力の
 graze[動],（家畜などが）草を食べる、（家畜などに）草を食べさせる
 graze[動],（皮膚など）をすりむく、かすめて通る
 grim[形],厳格な、厳しい、残酷な、無慈悲な
 grind[動],（粉などを）挽く、すりつぶす、を砕く
 gross[形],総計の
 groundwater[名],地下水
 grumble[動],不満を言う
 guarantee[動],保証する
 guarantee[名],保証
 guideline[名],（複数形で）指針、ガイドライン
 guilty[形],有罪の、罪の意識がある
 gullible[形],だまされやすい
 gulp[動],がぶがぶ飲む
 habitat[名],生息地、生息環境
 habitual[形],習慣的な、いつもの、普段の
 hail[動],賞賛する、認める
 hail[名],あられ、ひょう
 halt[動],中止する、中断する
 halt[名],（一時的）停止、休止
 hamper[動],邪魔する、妨げる
 hapless[形],不幸な
 hardship[名],苦難、困窮
 hardy[形],耐寒性の、頑丈な、勇敢な
 harmonious[形],調和した
 harsh[形],手厳しい、辛辣な
 harvest[動],収穫する、刈り入れる
 harvest[名],収穫（物）、収穫高
 hasty[形],急いだ、せわしい、早まった
 hatch[動],（卵が）かえる、孵化する
 haunt[動],（幽霊などが）出没する、つきまとう
 haven[名],避難所、保護区
 hazard[名],危険
 hazardous[形],（化学物質などが）（人体に）有害な
 hectic[形],慌ただしい、大変忙しい
 heed[動],耳を傾ける、気を付ける
 herd[動],群れを追いやる、一カ所に集める、（家畜を）世話する
 herd[名],（牛などの）群れ
 hereditary[形],遺伝の
 heritage[名],伝統、遺産
 hesitant[形],躊躇した
 hierarchy[名],（社会の）階層
 highlight[動],強調する、目立たせる
 hinder[動],妨げる
 hinge[名],ちょうつがい
 holdover[名],遺物、留任者、留年者
 hollow[形],空洞の、くぼんだ、空虚な、うわべだけの、内容のない
 horizontal[形],水平の、地平線の
 horrify[動],ぞっとされる、怖がらせる
 hospitality[名],歓迎、もてなし
 hospitalization[名],入院（状態）
 hostage[名],人質
 hostile[形],敵意のある、非友好的な
 hostility[名],敵意
 hover[動],空中に停止する、うろつく
 hub[名],中心（地）、中核
 huddle[動],（寒さなどで）体を寄せ合う
 hull[名],船体、外皮、皮、穀、さや
 humane[形],慈悲深い、思いやりのある、人道にかなった
 humanitarian[形],人道的な
 humble[形],卑しい、身分が低い
 humidity[名],湿気
 humiliate[動],自尊心を傷つける、恥をかかせる
 hunch[名],こぶ、固まり
 hybrid[名],交配種、掛け合わせ、ハイブリッド車
 hybrid[形],雑種の、混成の、掛け合わせの
 hydrogen[名],水素
 hygiene[名],衛生、衛生管理状態、清潔
 hypertension[名],高血圧、高血圧症
 hypocritical[形],偽善的な
 hypothetical[形],仮想的な、仮説の
 hysterical[形],ヒステリックな、理性を失った
 identical[形],同一の
 identify[動],（身元などを）特定する、識別する
 ignition[名],点火
 ignorance[名],無知、知らないこと
 ignore[動],無視する、知らないふりをする
 illegal[形],違法の、不法の
 illicit[形],違法な、不法な
 illiterate[形],無学の、読み書きのできない
 illustrate[動],例証する、図解する
 imitate[動],まねる、模倣する
 immediate[形],即座の、即時の、直接の
 immerse[動],浸す、没頭させる
 immigrant[名],（外からの）移民、移住者
 immigrate[動],（国外から）移住してくる
 imminent[形],差し迫った、切迫した
 immortality[名],不死
 immune[形],免疫の、免疫のある
 impact[名],影響、反響、衝突
 impair[動],損なう、弱める
 impede[動],妨げる、邪魔する
 impersonal[形],人間味を欠いた、人間味のない、客観的な
 implement[動],実行する、実践する
 implicate[動],関係させる、巻き込む、含意する
 implication[名],含蓄、ほのめかし、結果
 implosion[名],（組織などの）内部崩壊、内破
 imply[動],暗に意味する、ほのめかす
 imposing[形],印象的な、人目を引く、堂々とした
 imposition[名],課税
 impressive[形],印象的な
 imprint[動],判を押す、心に刻み込む
 improper[形],適切でない、無作法な、ふさわしくない
 impulse[名],衝動
 impulsive[形],衝動的な
 inaccurate[形],不正確な
 incentive[名],誘因、（やる気を）駆り立てるもの
 inception[名],（活動、組織などの）開始、発端、創設
 incessant[形],絶え間のない
 incidence[名],発生、発生率
 incident[名],（偶発的）事故、事件
 incidentally[副],偶然に、付随的に
 incisive[形],明敏な、鋭い
 inclusive[形],包括的な
 incompatible[形],相性が悪い、相いれない、互換性のない
 incomprehensible[形],理解できない、わかりにくい
 incorporate[動],合体させる、組み入れる
 incredible[形],驚異的な、信じがたい
 indebted[形],恩を受けている
 indecisive[形],優柔不断の
 indefinite[形],不明確な、（数や時間などが）限定されていない、不定の
 indicate[動],示す、指摘する
 indifferent[形],無関心な
 indigenous[形],原産の、先住の
 indispensable[形],不可欠な、必須の
 indisputable[形],議論の余地のない、明白な
 induce[動],引き起こす、誘発する、説得する
 indulgent[形],寛大な、甘い
 industrialization[名],産業化、工業化
 industrialize[動],産業化（工業化）する
 inefficient[形],非効率的な、能率の悪い、役に立たない
 inept[形],技量に欠ける
 inevitable[形],不可避の、必然的な
 infamous[形],悪名高い、不名誉な
 infant[名],幼児、乳児
 infant[形],幼児の
 infect[動],病気をうつす、感染させる
 inflict[動],（害などを）負わせる、与える
 influential[形],影響力の大きい、影響力のある
 informative[形],有益な、情報を得ることができる
 infrastructure[名],経済基盤、社会基盤
 infringe[動],権利を侵害する、（法を）破る
 infusion[名],注入、点滴
 ingenuity[名],創意、器用さ
 ingredient[名],成分、原料、構成要素
 inhabitant[名],住民、居住者、棲息動物
 inhale[動],吸い込む、吸収する
 inherent[形],生来の、生得の
 inheritance[名],継承、相続、遺産、遺伝
 inhibit[動],抑制する、（行動、発達などを）妨げる
 initial[形],最初の、初期の
 initiate[動],始める、開始する、着手する
 initiative[名],主導権、新計画
 inject[動],注射する、注入する
 inmate[名],（刑務所の）収監者、囚人
 innermost[形],最も奥の
 innocent[形],無実の、無罪の、無邪気な
 innovation[名],新しい手法、革新
 inquiry[名],質問、問い合わせ、照会、取り調べ、調査
 inscription[名],碑文
insight[名],洞察、見識、洞察力
 insistent[形],執ような
 insoluble[形],（物質が）溶けない
 inspection[名],調査、検査
 inspire[動],鼓舞する、感激させる、駆り立てる
 install[動],取り付ける、導入する、インストールする
 installment[名],分割払いの1回分
 institution[名],機関、施設、学会、団体
 instruction[名],指図、指示、説明（書）、指導
 instrumental[形],重要な役割を果たす、役立つ、器楽の
 insulate[動],防音する、断熱する、絶縁する
 insurance[名],保険
 intact[形],無傷の、完全な姿の、手をつけられていない
 intake[名],取り入れ、摂取量
 intangible[形],触ることのできない、ぼんやりした、実体のない
 integral[形],不可欠な、完全な
 integrate[動],統合する、一体化する
 integrity[名],誠実、高潔、正直さ
 intelligent[形],聡明な、知能の高い
 intelligible[形],理解できる、判読可能な
 intense[形],強烈な
 intensive[形],集中的な、集約的な、激しい、強い
 intentionally[副],故意に、意図的に
 interact[動],影響し合う、相互作用する、交流する
 interaction[名],相互作用、（人と人の）交流
 intercept[動],割り込む、阻止する
 interfere[動],干渉する、介入する、邪魔する
 interference[名],干渉
 intermediate[名],中級者
 intermittent[形],断続的な、間欠的な
 interpret[動],解釈する、通訳する
 interrogate[動],尋問する
 interrupt[動],邪魔をする、妨げる
 intersect[動],交差する、交わる
 intersection[名],交差点
 intervene[動],干渉する、（間に）割って入る、介入する
 intimate[形],親しい、親密な
 intimidate[動],おどす、脅迫する
 intoxicate[動],（酒・麻薬などが）酔わせる、中毒にする
 intrigue[動],興味をそそる、好奇心をそそる
 intrude[動],侵害（侵入）する
 intruder[名],侵入者
 intuitively[副],直感的に
 invalid[形],無効な、病弱な
 invaluable[形],非常に価値のある、非常に貴重な
 invasion[名],侵入、侵略
 invent[動],発明する、考え出す
 inventory[名],在庫、在庫目録
 invest[動],投資する
 investigation[名],調査、研究
 invoice[名],送り状、請求書
 ironically[副],皮肉なことに
 irrational[形],不合理な、筋の通らない
 irrelevant[形],無関係の、見当違いの、重要でない
 irresistible[形],抵抗できない、抑えられない
 irreversible[形],逆にできない
 irrigation[名],灌漑
 irritate[動],いらいらさせる、怒らせる
 isolate[動],孤立させる、隔離する、分離する
 issue[動],発給/発行する、公表する
 issue[名],論点、問題
 itinerary[名],旅行日程（表）
 jeopardy[名],危険、危険にさらされること
 junction[名],合流点、分岐点
 justify[動],正当化する、正当だと証明する
 keen[形],熱心な
 keen[形],（感覚が）鋭敏な
 kinship[名],親族関係、類似
 knowledgeable[形],知識が豊富な
 lamely[副],弱々しく、不十分に
 lament[動],嘆く、嘆き悲しむ、残念に思う
 land[動],着陸する、上陸する、水揚げする、着陸させる
 landmark[名],（建物などのような）目印、重要な出来事
 lapse[名],小さな過失、時の経過
 latitude[名],緯度
 launch[動],開始する、着手する、発射する、売り出す
 lawsuit[名],訴訟
 leak[動],漏れる
 lease[動],リースする、賃借（賃貸）する
 lease[名],賃貸借契約
 leftover[名],（食べ物などの）残り物
 legacy[名],遺産
 legalize[動],合法化する
 legislation[名],立法、法律の制定
 legitimate[形],妥当な、筋の通った、合法的な
 lessen[動],少なくする、減らす、小さくする
 lethal[形],致死の、致命的な
 leverage[名],てこの作用、効力、影響力、レバレッジ
 liability[名],（賠償の）責任
 liberate[動],自由にする、釈放する
 likelihood[名],公算、見込み、可能性
 likeness[名],類似
 limb[名],手足、肢
 limitation[名],制限
 linger[動],居残る、ぐずぐずする、長引く
 literacy[名],読み書きの能力、(特定の分野の)技能、知識
 literally[副],文字通り
 litter[動],（ゴミなどを）散らかす、捨てる
 litter[名],（公共の場の）ごみ
 livelihood[名],生計、生活手段
 livestock[名],家畜（類）
 lobby[動],ロビー活動する、陳情する
 lodge[動],泊まる、(苦情などを)申し立てる
 lodging[名],宿、宿泊設備、滞在場所
 lofty[形],崇高な、高慢な、非常に高い
 loyalty[名],忠誠、忠義、愛顧
 lunar[形],月の
 lure[動],引き寄せる、誘い込む
 lure[名],魅惑、魅力
 luxury[名],ぜいたく（品）
 luxury[形],贅沢な、高級な
 magnify[動],拡大する、（事態を）悪化させる
 mainstream[名],主流、主調
 mainstream[形],（思想や芸術などの）主流（派）の
 majestic[形],威厳のある、堂々とした
 makeup[名],構成、組成、構造
 mammal[名],哺乳類、哺乳動物
 mandatory[形],義務的な、必須の
 maneuver[名],操作、操縦、作戦行動、策略
 manipulate[動],操る、操作する
 manufacture[動],製造する、生産する
 manufacture[名],製造、生産
 manuscript[名],原稿
 mare[名],雌馬、雌のロバ
 marital[形],結婚の、夫婦間の
 maritime[形],海事の、海の
 martial[形],戦争の、軍人の、軍隊の
 massive[形],大きい、圧倒的な
 materialism[名],物質主義、唯物論、唯物主義
 maternity[名],母性、産科（病院）
 maternity[形],妊婦の
 mature[動],（人が）円熟する、成熟する、大人になる、成長する
 mature[形],成熟した
 measure[動],測る、測定する、評価する
 measure[名],対策、手段、処置
 mediate[動],調停する、仲介する
 mediator[名],調停者
 medication[名],医薬、投薬
 medieval[形],中世の
 mediocre[形],並の、平凡な、普通の
 meditate[動],瞑想する
 mellow[形],熟している、メロウな、やわらかい
 melodious[形],耳に心地よい
 memoir[名],回想録、伝記
 menace[名],脅威、脅迫
 mercy[名],慈悲、哀れみ、情け
 merge[動],合併する、合流する
 merger[名],合併、合同、統合
 merit[名],長所、利点、功績
 metropolis[名],大都市
 migrate[動],移動する、移住する、（鳥などが）渡る
 migration[名],移住、移動、渡り、回避
 milestone[名],道しるべ、画期的事件、節目
 millennium[名],千年間、千年紀
 mimic[動],まねる、物まねをする、再現する
 mingle[動],混ぜる、調合する、交際する
 minimal[形],最小の、最小限度の
 minimize[動],最小限にする
 minimum[名],最小限度
 minimum[形],最小限の、最小の
 minor[名],未成年者
 minor[形],小さい、少ない、重要でない
 minute[形],小さい、詳細な、微細な
 mischievous[形],いたずら好きな
 mobilize[動],動員する
 moderate[形],並みの、中庸な、適度な
 modernization[名],近代（現代）化
 modest[形],謙虚な、控えめな、地味な
 modify[動],変更する、修正する
 moisture[名],水分、湿気
 mold[名],カビ
 molecule[名],分子
 monarch[名],絶対君主、国王
 monitor[動],監視する、観測する
 monopolize[動],独占する
 monotonous[形],単調な、一本調子の
 monotonously[副],単調に
 mortal[形],致命的な、死ぬ運命にある
 mortgage[名],住宅ローン、抵当、担保
 motivate[動],動機を与える、刺激する
 motive[名],動機、誘因
 mourn[動],悲しむ、悼む
 mourning[名],哀悼、喪服
 multinational[形],多国籍の
 multiple[形],多数の、複数の、多様な
 mumble[動],つぶやく
 mundane[形],この世の、ありきたりの、日常の、
 murky[形],暗い、陰気な、濁った、うさん臭い
 mutual[形],相互の
 mythology[名],神話学
 naive[形],素朴な、愚直な、単純な、お人好しな、世間知らずの
 narrative[名],物語り、話
 nauseous[形],吐き気のする（ような）
 navigate[動],航行する、進路を決める
 neglect[動],無視する、おろそかにする
 neglect[名],無視
 negligence[名],怠慢、手抜き、過失
 negotiate[動],交渉する
 nerve[名],神経
 neurological[形],神経（病）学の
neutral[形],中立の
 nevertheless[副],それにもかかわらず
 noble[形],高貴な、崇高な、
 nomadic[形],遊牧（民）の、放浪の
 nominally[副],名目上は
 nominate[動],指名する
 nonetheless[副],それにもかかわらず
 notable[形],有名な、注目すべき
 noticeable[形],目立つ、人目を引く、顕著な
 notify[動],知らせる
 notorious[形],悪名高い
 novel[名],小説
 novel[形],目新しい、斬新な
 novelty[名],目新しい物事、斬新さ
 nudge[動],ひじで軽く突く、優しく説得する
 nuisance[名],厄介なこと/人、迷惑
 numb[形],かじかんだ、まひした、ぼうぜんとした
 numerous[形],数多くの
 nurture[動],育てる、栄養を与える
 nutritious[形],栄養のある
 obedient[形],従順な
 obesity[名],肥満
 objection[名],反対、異議、不服
 objective[名],目標、目的
 objective[形],客観的な、偏見のない
 obligation[名],義務、責務
 obnoxious[形],非常に不快な、嫌な、反抗的な
 obscure[形],不明瞭な、知られていない、曖昧な
 observance[名],行事、順守
 obsessed[形],とりつかれている
 obsolete[形],すたれた、時代遅れの
 obstacle[名],障害（物）、邪魔なもの
 obstruct[動],妨害する、さえぎる
 obtain[動],得る、取得する
 obtainable[形],得られる
 obvious[形],明らかな、明白な
 occupancy[名],（ホテルや部屋等の）占有、占有人数
 occupation[名],職業
 odor[名],におい、悪臭
 offensive[形],侮辱的な、けんか腰の、不快な
 offset[動],相殺する
 offset[名],相殺するもの、オフセット
 offspring[名],子孫、子
 ominous[形],不吉な、悪いことの前兆となる
 omit[動],除く、省く、削除する
 ongoing[形],進行中の、継続中の
 onset[名],始まり、着手、（病気などの）兆候
 operational[形],活動中の、運動中の
 operative[形],機能（作用）している、効力のある
 opponent[名],（試合、論争などの）相手、反対者、反対派
 opportune[形],適切な
 oppose[動],反対する
 oppress[動],抑圧する
 oppressive[形],制圧的な、抑圧的な
 optimistic[形],楽観的な、楽観主義の
 option[名],選択、選択肢、オプション
 optional[形],随意の、任意の
 orbit[動],（惑星/人工衛星が）軌道を回る
 orbit[名],（惑星などの）軌道
 ordeal[名],苦しい試練
 organism[名],生物、有機体
 originate[動],生じる、始まる、（～に）起源がある
 ornament[名],装飾（品）
 orphan[動],孤児にする
 outage[名],機能停止期間、供給停止期間
 outbreak[名],発生、勃発
 outburst[名],爆発、大出現
 outcome[名],結果、結末
 outdated[形],時代遅れの
 outermost[形],最も外側の
 outgoing[形],社交的な、外向的な、発信用の、外に出ていく
 outlive[動],〜より長生きする
 output[名],生産（高）
 outrageous[形],途方もない、法外な、無法な
 outright[形],徹底的な、率直な
 outset[名],着手、発端、初め
 outsider[名],よそ者、部外者
 outskirt[名],(町・都市の)外れ、郊外、周辺
 outsource[動],外注/外部委託（アウトソース）する
 outstanding[形],極めて優れた、際立った
 outweigh[動],～より重い、～に勝る、～を上回る
 overall[副],概して
 overall[形],全体の、全部の、総合的な
 overcast[形],曇った
 overcome[動],克服する、乗り越える
 overdue[形],期日が過ぎた、期限切れの
 overhaul[動],徹底的に見直す、精査する
 overlap[動],重ねる
 overlook[動],見落とす、見過ごす、大目に見る
 overly[副],過度に、非常に
 overplay[動],強調しすぎる、過大評価する
 oversee[動],監督する、取り締まる
 overtake[動],追い抜く
 overthrow[動],転覆させる、撤廃する
 overwhelm[動],圧倒する、打ちのめす
 pacify[動],なだめる、静める、鎮定する
 painstaking[形],労を惜しまない、勤勉な、丹精込めた
 pamper[動],（子供など）を甘やかす、（欲望など）を思う存分満たす
 parallel[形],平行の、類似した
 parallel[形],平行して
 paralyze[動],麻痺させる
 parasite[名],寄生虫、寄生動物
 partial[形],部分的な
 participation[名],参加
 particle[名],粒子、微粒子、素粒子
 passionate[形],情熱的な、熱烈な
 pastime[名],娯楽、気晴らし、余暇の楽しみ
 patent[名],特許（権）、特許品
 pathetic[形],痛ましい、哀れを誘う、みじめな
 pawnbroker[名],質屋
 peculiar[形],特有の、奇妙な
 pedestrian[名],歩行者、徒歩旅行者
 peer[名],同僚、仲間
 penetrate[動],貫く、突破する、浸透する
 pension[名],年金、恩給
 perception[名],知覚、認知、認識
 perch[動],(鳥が木などに)止まる
 perilous[形],危険な、危険の多い
 perimeter[名],（図形の）周囲
 permanent[形],永遠の、永久的な
 permanently[副],永久に
 perpetual[形],永久の、永遠の
 perplexing[形],面倒な
 persecution[名],迫害
 persist[動],固執する、（習慣などが）存続する
 persistent[形],持続的な、持続性の、粘り強い
 personnel[名],職員、人員、人事部門
 personnel[形],人事の、職員の
 perspective[名],視点、見方、遠近法、透視図法
 perspire[動],発汗する、汗をかく
 persuade[動],説得する
 pest[名],害虫、疫病
 pesticide[名],殺虫剤
 petition[名],請求、申請、嘆願
 petty[形],ささいな、小規模な、価値の少ない
 physician[名],内科医
 physics[名],物理学
 pierce[動],貫く、（穴）を開ける
 pilgrim[名],巡礼者
 pinch[動],つねる、（強く）はさむ
 pinpoint[動],（原因などを）正確に指摘する
 pious[形],信心深い、敬謙な
 plagiarism[名],盗用、盗作
 plantation[名],農園、大農場、植林地
 plausible[形],もっともらしい、理にかなっている
 plea[名],答弁、抗弁、嘆願、請願
 plead[動],嘆願する、懇願する
 pledge[動],誓約する、保証する
 plight[名],窮状
 plot[動],（グラフなどを）描く、（方眼紙上などで）点を打つ
 plot[名],（映画、物語などの）筋、構想、たくらみ
 pluck[動],もぎ取る、引き抜く
 plunge[動],押し込む、突っ込む、(価格などが)急落する
 poaching[名],密漁/密猟
 poll[名],世論調査
 pollute[動],汚染する
 populate[動],住む、住み着く
 populous[形],人口の多い
 portfolio[名],作品集、有価証券一覧
 portion[名],ポーション、一人分の量、一部分
 portray[動],（人物像などを）描く、表現する
 pose[動],（問題などを）引き起こす、提起する
 possession[名],財産、所有物
 postscript[名],postscript
 posture[名],姿勢、方針、態度
 potential[名],潜在力、将来性、可能性
 potential[形],潜在的な、可能性を秘めた
 pottery[名],陶器類、陶芸
 powerhouse[名],精力家、強大な組織[国家・会社]、発電所
 practitioner[名],開業者、弁護士、開業医
 precarious[形],不安定な、心もとない、当てにならない
 precaution[名],用心、予防措置
 precede[動],（～に）先行する
 precedent[名],先例、前例、判例
 precise[形],正確な、的確な
 precision[名],正確、精密、精度
 preclude[動],排除する、妨げる
 preconceived[形],あらかじめ考えた
 predator[名],捕食動物
 predecessor[名],前任者、前機種、前身
 predict[動],予測する、予言する
 prediction[名],予言、予測
 preference[名],好み、好物、選好
 pregnant[形],妊娠した、懐妊した
 prejudice[名],偏見、先入観
 preliminary[名],下準備、予備段階
 preliminary[形],予備の、暫定の、事前の
 premature[形],早過ぎる、時期尚早の
 premeditated[形],前もって熟慮/計画された
 premium[名],保険料、割増料金
 premonition[名],予告、徴候、前兆、予感
 preoccupied[形],頭がいっぱいな、心を奪われている
 prerequisite[名],必須条件、必要条件
 prescribe[動],（薬など）を処方する、指示する
 preservative[名],防腐剤、保存剤
 preserve[動],保存する、保護する
 preserve[名],自然保護地域
 preside[動],議長を務める、統轄する
 prestige[名],名声、威信、威光
 prestigious[形],高名な、名声のある、権威のある
presumably[副],おそらく、たぶん
 presume[動],推測する、～と思う
 pretense[名],ふり、見せかけ、偽りの行為/装い、口実
 prevail[動],普及している、支配的である
 previously[副],前に、前もって
 prey[名],餌、獲物
 pricey[形],高価な
 primarily[副],第一に、主として
 prime[形],最も重要な、第一の
 primitive[形],原始的な、初期段階の、未開の
 priority[名],優先権、優先順位、優先事項
 privatize[動],民営化する
 privilege[名],特権、特典
 probe[名],探査、探索機、探査ロケット
 problematic[形],問題のある
 procedure[名],手続き、手順
 proclaim[動],宣言する、はっきり示す
 prodigy[名],神童、天才、奇才
 productivity[名],生産性
 profess[動],はっきりと言う、公言する
 profession[名],（専門的な）職業
 proficient[形],堪能な、熟達した
 profile[名],人物紹介、プロフィール
 profound[形],深い、重大な
 prohibit[動],禁止する
 projection[名],投射、投影
 prolong[動],延長する、長引かせる
 prominent[形],目立った、著名な、卓越した
 promising[形],有望な、将来性のある
 promotion[名],昇進、宣伝
 prompt[動],促す、駆り立てる
 prompt[形],迅速な
 propel[動],進ませる、推進する、前へ押し出す
 properly[副],正しく、適切に
 property[名],資産、財産、不動産
 proponent[名],支持者、主唱者
 proportion[名],割合、比率
 prosecute[動],訴追する
 prospect[名],見込み、将来性
 prosper[動],繁栄する、繁盛する
 prosperity[名],繁栄、成功
 protective[形],防護用の、保護の
 protocol[名],議定書、（コンピュータ通信の）プロトコル
 prototype[名],模範、原型、試作品
 provided[接],もし～ならば、～と言う条件で
 province[名],州、県、地方
 provisional[形],仮の、暫定的な
 provoke[動],挑発する、駆り立てる
 proximity[名],近接、近さ
 psychiatry[名],精神医学
 psychology[名],心理学
 publication[名],出版、公表、出版物
 publicity[名],宣伝、広告、知名度
 punctual[形],時間を守る、時間に正確な
 punctuality[名],時間厳守
 pursue[動],追及する、追い求める
 pushover[名],いともたやすいこと、楽な相手、だましやすい人
 qualified[形],適任の、有能な、資格のある
 quest[名],探索、追求
 questionable[形],（真実であることが）疑わしい
 questionnaire[名],質問票、アンケート
 quota[名],割り当て、分担、定員、定数
 quote[動],引用する、引き合いに出す
 quote[名],提示価格、見積もり、引用
 radiation[名],放射能、放射線、放射
 radical[形],急進的な、過激な
 radioactive[形],放射性（能）の（ある）
 raid[動],急襲する、奇襲する、襲撃する
 raid[名],襲撃、急襲、強制捜索
 rainforest[名],（熱帯）雨林
 rally[名],集会
 random[形],無作為の、偶発的な、確率の
 ranger[名],森林警備員、騎馬警察官、パトロール隊
 ransom[動],身代金を払って解放させる
 ransom[名],身代金
 rapidity[名],迅速さ
 rash[形],性急な
 ration[動],配給する
 ration[名],割り当て、配給、配給量
 readership[名],読者層
 reap[動],収穫する
 reasonable[形],筋の通った、もっともな
 reassure[動],安心させる
 rebel[動],反抗する、反乱を起こす
 rebellion[名],謀反、反乱
 rebound[動],はね返る
 recall[動],思い出す
 recede[動],後退する、弱まる
 receptive[形],受容的な、（新しい考えなどを）よく受け入れる
 recess[名],休憩、休暇
 recession[名],景気の後退
 recipient[名],受取人、受賞者
 reciprocate[動],報いる、等価のものを返す
 reckless[形],無謀な、向こう見ずの
 reckon[動],～と考える、推測する
 recognition[名],認識、評価、見覚え
 recognize[動],認識する、それと分かる
 recommend[動],推薦する、勧める
 reconcile[動],調和させる、和解させる
 reconstruct[動],再建する、再構築する
 recruit[動],（新人など）募る、募集する、採用する
 recruit[名],新人、新入生、新入社員
 recruitment[名],新兵/新人の募集
 redeem[動],返済する、取り戻す、引き換える、(弱点などを)補う
 reduction[名],減少、縮小、削減
 redundant[形],重複する、余分な、不必要な
 reference[名],言及、照会、参照、参考書
 referral[名],紹介、推薦、委託される人
 refine[動],精製する、洗練する
 refinement[名],精練、洗練、上品
 refrain[動],差し控える
 refugee[名],難民、避難者
 refund[動],払い戻す
 refund[名],払い戻し、返金
 regarding[前],～に関して、～に関する
 regime[名],（政治の）体制、（強圧的な）政権
 register[動],登録する、登記する
 register[名],登録（表）、レジ
 regularly[副],定期的に、規則正しく
 regulate[動],調整する、調節する、規制する
 regulation[名],規制、規則
 rehabilitate[動],修復する、回復させる
 rehearse[動],下稽古をする
 reinforce[動],補強する、強化する
 reject[動],拒否する、拒絶する、却下する
 relatively[副],比較的
 relentlessly[副],容赦なく
 relevant[形],関連性のある、適切な
 reliable[形],信頼性のある、頼りになる
 reliance[名],依存、信頼、信用
 relic[名],遺跡、遺品、名残
 relief[名],安堵、安心、（苦痛などの）緩和/除去
 relieve[動],安心させる、（痛み、不安などを）軽減する/和らげる
 religious[形],宗教的な、宗教に関する
 relocate[動],移転させる、引っ越す
 reluctance[名],気が進まないこと、不本意
 reluctant[形],乗り気でない、渋っている、気が進まない
 remainder[名],残り、余り
 remaining[形],残りの
 remarkable[形],注目に値する、目立った
 remedy[名],治療、矯正
 reminder[名],思い出させるためのもの／合図／注意
 remittance[名],送金、送金額
 remnant[名],残り、余り
 remodel[動],改造する、リフォームする
 removal[名],除去、移動
 remuneration[名],報酬、給料
 renew[動],更新する、延長する、修復する
 renovate[動],改装する
 renovation[名],改装
 renowned[形],有名な、著名な
 repay[動],（金銭を）返す、報いる
 repel[動],追い払う
 replenish[動],補給する、補充する
 replicate[動],複製する、模写する
 representative[名],担当者、代表者
 reproduce[動],複製する、生殖する、再生する
 reputation[名],評判
 requirement[名],必需品、必要条件
 reschedule[動],スケジュール変更する
 resemble[動],～に似ている
 resent[動],憤慨する
 resentful[形],憤慨している
 reservoir[名],貯水池、貯蔵所
 resident[名],住民、住人
 residential[形],住宅向きの、寄宿生の
 resign[動],辞職する、退く
 resignation[名],辞任
 resist[動],抵抗する
 resistant[形],抵抗力のある
 resolute[形],断固とした、意志の固い
 resonance[名],反響、響き、余韻
resort to ～,（手段として）～に訴える、～にたよる
 resort[名],リゾート、保養地、行楽地
 resource[名],資源、供給源
 respectively[副],それぞれ
 respondent[名],回答者
 responsible[形],責任のある、担当している
 responsive[形],（～に）敏感な、よく反応する
 restore[動],回復させる、復旧させる
 restrain[動],制止する、抑制する
 restrict[動],制限する
 resume[動],再開する
 resume[名],要約、レジュメ、履歴書
 resurgence[名],再燃
 retail[動],小売りする
 retail[形],小売の、小売商の
 retailer[名],小売り業者
 retain[動],維持する、保つ
 retaliation[名],報復
 retreat[動],退く、退却する
 retrieve[動],回収する、取ってくる、検索する
 returnee[名],帰国子女、（海外からの）帰還軍人、復職者
 reveal[動],明らかにする、（外部に）漏らす
 revelation[名],驚くべき新事実、暴露
 revenue[名],収入、歳入
 reverse[動],逆にする、逆転させる
 reverse[名],反対、逆
 revise[動],修正する、改訂する
 revive[動],生き返らせる、復活させる
 revoke[動],取り消す、無効にする
 revolt[動],反逆する
 revolt[名],反乱
 revolve[動],回転する
 rhetoric[名],修辞（法）
 riddle[名],謎
 ridicule[動],あざ笑う、からかう
 rigid[形],堅い、厳格な
 rigorous[形],厳格な、厳密な、正確な
 riot[名],暴動
 riot[名],暴動を起こす
 rite[名],儀式、典礼
 ritual[名],儀式
 rivalry[名],競争する（張り合う）こと
 roam[動],歩き回る
 roster[名],名簿、登録簿、当番表
 rot[名],腐敗
 rotate[動],回転する、回転させる、自転する
 rotten[形],腐った、朽ちた
 roughly[副],おおよそ、概略で
 routine[名],決められた動作（方法）、（習慣的に）繰り返されるもの、日課
 routine[形],決まりきった、日常の
 rubbish[名],ごみ、くず、がらくた
 rural[形],田舎の、農村の
 rusty[形],さびた
 ruthlessly[副],情け容赦なく
 sacrifice[動],犠牲にする
 sacrifice[名],犠牲
 salute[動],敬礼する、（公に）賞賛する
 sanction[名],制裁
 sanctuary[名],自然（鳥獣）保護区、聖域
 sanitation[名],（公衆）衛生、衛生設備
 sarcastic[形],皮肉な
 satellite[名],衛星
 savor[動],心行くまで楽しむ
 scam[名],詐欺、ペテン
 scan[動],ざっと目を通す、注意深く調べる、スキャンする
 scant[形],乏しい、不十分な
 scanty[形],わずかな、乏しい
 scarce[形],乏しい、不十分な
 scarcity[名],不足、欠乏、希少性
 scatter[動],散らばる、分散させる、まき散らす
 scheme[名],計画、企み、枠組み
 scholarship[名],奨学金、育英資金、学識
 scope[名],範囲、領域
 scorn[動],嘲笑する、軽蔑する
 scramble[動],かき混ぜる、よじ登る、緊急発進する
 scrap[動],捨てる、廃棄する、解体する
 scribble[動],殴り書きをする
 script[名],原稿、台本、文字
 scrub[動],（ゴシゴシと）磨く、洗う
 scrutinize[動],綿密に調べる
 scrutiny[名],綿密な調査、精査、監視、じろじろと見ること
 secluded[形],人目に付かない、人里離れた
 seclusion[名],隔離、孤立、引きこもること
 sector[名],部分、部門
 secure[形],安全な、保証された
 segment[名],部分、区切り
 segregate[動],分離する
 seize[動],捕まえる、襲う、占拠する、奪う
 selective[形],選択の厳格な、えり好みする
 semester[名],学期、半期
 seniority[名],年功(序列)
 sensation[名],感覚、世間を沸かせるもの
 sensitive[形],敏感な、繊細な
 sentence[動],〜に判決を下す
 sentence[名],判決、刑罰、処罰
 sequel[名],続編
 sequence[名],一連（のもの）、連続
 serene[形],穏やかな
 session[名],（会議、活動の）期間、集まり、会合
 setback[名],妨げ、逆転、後退
 settlement[名],定住（地）、入植（地）、開拓（地）
 sewage[名],下水、汚水
 shallow[形],浅い
 shatter[動],打ち砕く、粉砕する
 shelter[動],避難する
 shelter[名],シェルター、避難所、住まい
 shield[動],保護する、かばう
 shield[名],盾、防御物
 shift[動],（位置などを）移す、変える
 shift[名],変化、変更、変わり目、(勤務の）交替
 shipment[名],積み荷、貨物
 shoplift[動],万引きする
 shortage[名],不足、不足額
 shortcoming[名],欠点、短所
 shortfall[名],不足、未達
 shove[動],（手荒く）押す、突く
 shrewd[形],賢い、抜け目のない
 shriek[動],悲鳴を上げる、金切り声を出す
 shrink[動],縮む、縮まる、縮小する、減少する
 shrink[名],縮む、縮まる、縮小する、減少する
 shrug[動],肩をすくめる
 shudder[動],身震いする
 sideshow[名],つけたしの出し物、余興、付随的な出来事
 significance[名],重要性、意味、意義
 signify[動],意味する、表す
 simulate[動],ふりをする、模擬実験する
 simultaneous[形],同時の
 sincerity[名],誠実
singular[形],珍しい、風変わりな、単独の
 site[名],現場、敷地、用地、場所
 sizzle[動],ジュージューと音を立てる
 skeleton[名],骨格、骸骨
 skeptical[形],懐疑的な、疑い深い
 skid[動],（車が）スリップする
 skim[動],すくい取る、すばやく概要を読み取る、すいすい泳ぐ
 skull[名],頭蓋骨、頭
 slack[形],不景気な、たるんだ
 slant[動],傾ける、歪曲する
 slant[名],傾斜、傾斜地
 slash[動],切る、切り下げる、（値段、予算を）削減する
 slaughter[動],虐殺する
 slaughter[名],虐殺、食肉処理
 slavery[名],奴隷制度
 sluggish[形],のろい、緩慢な、活気のない
 slump[動],急に落ち込む、暴落する
 slump[名],スランプ、落ち込み
 sly[形],悪賢い
 smuggle[動],密輸する
 snatch[動],ひったくる、強奪する、誘拐する
 sneak[動],こそこそする、ずるをする、そっと歩く
 soak[動],浸す、びしょ濡れにする
 sob[名],すすり泣き
 socialize[動],社会生活に適応させる、社交的に交際する
 solemn[形],厳粛な
 solitude[名],ひとりでいること、孤独
 solution[名],解決、解決策
 soothing[形],なだめる、落ち着かせる、緩和させる
 sophisticated[形],洗練された、教養のある、(機械などが)高性能な
 spacecraft[名],宇宙船
 spacious[形],広々とした、ゆったりした
 spark[動],引き起こす、活気づける
 spark[名],火花
 sparsely[副],まばらに、わずかに
 species[名],（生物の）種
 specific[形],特定の、明確な、具体的な
 specify[動],明示する、特定する
 specimen[名],標本、見本
 spectacular[形],壮観な、見事な、見ごたえのある
 spectator[名],（スポーツなどの）観客
 speculate[動],推測する、熟考する
 spell[名],呪文
 sphere[名],球、球体
 spiral[名],らせん、連鎖的変動
 spite[名],悪意、意地悪
 splinter[動],砕ける、ばらばらになる
 spoil[動],（子供などを）甘やかす
 spontaneous[形],自発的な、自然発生的な
 spot[動],見つける、気付く
 spot[名],地点、個所
 spotless[形],非のうちどころがない、しみ/汚れのない
 sprain[動],くじく、捻挫する
 sprain[名],ねんざ
 sprout[動],芽を出す
 squat[動],しゃがむ、うずくまる
 squeeze[動],押し込む、絞る、圧搾する
 stability[名],安定、安定性
 stable[形],安定した、不変の
 stack[動],積み重ねる
 stack[名],積み重ね、堆積、図書館の書架
 stage[動],（劇などを）上演する、（催しを）開催する
 stagger[動],仰天させる
 stance[名],スタンス、立場
 standby[名],（いざというとき）頼りになる人、交替要員
 standby[形],予備の、待機中の、キャンセル待ちの
 startle[動],びっくりさせる
 starve[動],飢えに苦しむ、餓死する
 stationary[形],静止した、動かない
 statistics[名],統計、統計学
 status[名],地位、立場
 steer[動],操縦する、かじを取る、（人）を導く
 stem[名],茎、幹
 stereotypical[形],型どおりの、ステレオタイプな
 sterile[形],無菌の、不毛の、子を生まない
 stern[形],厳しい、厳格な
 stimulate[動],刺激する
 stingy[形],けちな
 stoically[副],平然と、冷静に
 stoop[動],かがむ
 storage[名],（物の）貯蔵、保管
 storm[動],襲撃する
 stout[形],がっしりした、頑丈な
 straightforward[形],率直な、正直な
 strain[動],負担をかける、緊張させる
 strain[名],緊張、重圧、負担
 strand[名],より糸、ひも
 strategy[名],戦略
 stray[動],はぐれる、迷う
 strenuous[形],精力的な、骨の折れる、激しい
 strive[動],努力する
 stroll[動],ぶらつく、ぶらぶら歩く
 structure[名],構造（物）
 struggle[動],あがく、もがく、奮闘する
 struggle[名],奮闘、努力、もがき
 stubborn[形],頑固な
 stuff[名],物（事）
 stumble[動],つまずく、よろける
 stunned[形],あぜんとした
 sturdy[形],頑丈な、丈夫な
subject[名],題材、テーマ、被写体、対象者（被験者）
 subjective[形],主観的な
 sublime[形],崇高な
 submerge[動],沈む、沈める、浸す
 submission[名],提出物、提出
 submissive[形],従順な
 submit[動],提出する
 subordinate[形],下位の、従属している
 subscription[名],予約購読、定期購読
 subsequent[形],その後の、次の
 subsidize[動],補助金を支給する
 subsidy[名],補助金、助成金
 subsist[動],生計を立てる、（どうにか）生きていく
 substandard[形],基準以下の
 substantial[形],かなりの、相当の
 substitute[動],代用する、代わりになる
 substitute[名],代用品、代理人
 subtle[形],微妙な、かすかな、気付きづらい
 subtract[動],差し引く、減じる
 successor[名],後継者
 sue[動],告訴する、訴える
 sufferer[名],苦しむ人、被災者
 sufficient[形],十分な
 summon[動],呼び出す、召喚する、出頭を命ずる
 superficial[形],表面的な、うわべの
 superfluous[形],余分な
 supernatural[形],超自然の、不可思議な
 superpower[名],超大国
 superstition[名],迷信
 supervice[動],（英）監督する
 supervise[動],監督する
 supplement[動],補う、補足する
 supplement[名],栄養補助剤
 suppress[動],抑制する、抑圧する、鎮圧する
 surgery[名],手術
 surpass[動],～を上回る、～に優る、超える
 surplus[名],余剰、黒字
 surrounding[名],（~s）周囲の状況、環境
 surrounding[形],近辺の、周囲の
 surveillance[名],監視、見張り、偵察
 survey[動],調査する、見渡す
 survey[名],調査
 susceptible[形],（to ～の形で）～の影響を受けやすい、～に感染しやすい
 susceptible[形],(～の)影響を受けやすい、(～に)感染しやすい　(to ～)
 suspend[動],一時中止する、停職（停学）処分にする
 suspicion[名],疑い、疑惑、猜疑心
 suspicious[形],（人が）疑って、疑い深い、（物が）疑わしい
 sustain[動],維持する、支える
 sustainable[形],持続可能な、維持できる、環境に優しい
 swamp[名],沼地、低湿地
 swap[動],交換する
 swarm[名],大群
 sway[動],揺れる、揺れ動く
 sweep[動],掃く、一掃する
 sweep[動],（ある地域に）広がる、素早く通過する
 swell[動],膨張する、腫れる、（数量が）増大する
 swerve[動],急に向きを変える
 symbolize[動],象徴する、象徴化する
 sympathize[動],同情する
 symptom[名],症状、徴候
 synchronize[動],同時性を持つ、同期する
 syndrome[名],症候群
 synthetic[形],合成された、合成の
 tackle[動],取り組む、立ち向かう
 tactfully[副],如才なく
 tactical[形],戦術的な
 taint[動],傷つける、汚す
 tame[動],調教する、飼い馴らす
 tame[形],（動物などが）飼い慣らされた、おとなしい
 tangible[形],有形の、触れることのできる、目に見える、明らかな
 tariff[名],関税
 tease[動],からかう、いじめる
 technically[副],厳密に言えば、専門的に
 tedious[形],冗長な、（長くて）退屈な
 tedium[名],退屈
 telescope[名],望遠鏡
 temper[名],（かっとなる）気質、気性
 temperament[名],気質
 temporary[形],一時的な、臨時の
 tempt[動],引きつける、誘惑する、する気にさせる
 tempting[形],心をそそる
 tender[形],優しい
 tense[形],ぴんと張った、緊張した
 tentative[形],仮の、暫定的な、不確かな
 terminate[動],終わらせる、やめる、首にする
 terrain[名],地形、地勢、地域
 testament[名],遺言、立証するもの、証（あかし）、聖書
 testify[動],証言する
 testimony[名],証言
 theft[名],窃盗（罪）
 therapy[名],療法、セラピー
 thereby[副],それによって、その結果
 thesis[名],論文、主題
 thorough[形],徹底的な、完全な
 threat[名],脅威、脅し
 threaten[動],脅迫する、危険にさらす
 thrive[動],成功する、繁栄する、目標を達成する
 tickle[動],くすぐる
 timid[形],臆病な
 timidity[名],臆病な様
tip[動],傾く、傾ける
 tip[名],アドバイス、コツ、役立つ情報
 tissue[名],（生物の）組織
 token[名],しるし
 tolerable[形],耐えられる、我慢できる、まずまずの
 tolerance[名],容認、寛容、耐性
 toll[名],被害、損害、死傷者
 torment[動],悩ます
 torture[動],～に拷問を加える、～をひどく苦しめる、悩ます
 torture[名],拷問
 touchy[形],怒りっぽい、扱いにくい、気難しい
 toxic[形],有毒な
 trace[動],跡を追う、たどる
 trace[名],痕跡、足跡
 tragic[形],悲劇的な
 trait[名],特性、特色
 traitor[名],裏切り者、反逆者
 tranquil[形],のどかな、静かな、穏やかな
 transaction[名],（商）取引
 transcription[名],書き起こし、写本
 transform[動],変化させる、変質させる
 transient[名],渡り労働者、流れ者
 transmit[動],伝える、知らせる、送信する
 transparent[形],透明な、隠しだてのない
 transplant[動],移植する
 transplant[名],移植
 transportation[名],交通手段、輸送（機関）
 traumatic[形],精神的外傷を引き起こす
 treacherous[形],裏切りの、不誠実な
 treatment[名],処置、治療、待遇
 treaty[名],（国家間の）条約、協定
 trek[動],トレッキングをする、徒歩旅行
 tremendous[形],莫大な、すさまじい
 trespass[動],不法侵入する、侵害する
 trial[名],試み、挑戦
 trial[名],裁判、審理
 trial[形],試みの、試験的な
 tribute[名],賛辞、貢ぎ物
 trigger[動],引き起こす、もたらす、引き金となる
 trigger[名],引き金
 trim[動],手入れする、刈り込む
 trim[形],こぎれいな
 triumph[名],勝利
 trivial[形],ささいな、取るに足りない、平凡な
 troop[名],部隊、兵隊
 tuition[名],授業料
 tumble[名],転倒、（株価などの）暴落
 turbulence[名],大荒れ、動乱、乱気流
 turnover[名],離職率
 twitch[動],ぐいと引く、痙攣（けいれん）させる、痙攣する
 typify[動],～の典型となる、代表例となる
 tyrant[名],専制君主
 ultimately[副],最終的に、結局は
 unanimous[形],満場一致の
 unconditional[形],無条件の
 uncover[動],暴く、明るみに出す、暴露する
 uncovered[形],おおいのない、暴露された
 underdressed[形],くだけ過ぎる服装をした
 underestimate[動],過小評価する
 underfed[形],栄養不良の、栄養失調の
 undergo[動],（苦痛などを）経験する、（検査などを）受ける
 undermine[動],徐々にむしばむ、弱体化させる
 undertake[動],引き受ける、請け負う、着手する
 unearth[動],掘り出す、発掘する、明るみに出す
 unexpected[形],思いがけない、予期しない、意外な
 unfold[動],開く、広げる、展開する
 unification[名],統合、統一
 uniquely[副],比類なく、独特に
 unison[名],ユニゾン、斉唱、（動作などの）一致
 unperturbed[形],動揺しない、沈着な、落ち着いた
 unravel[動],解明される、明らかになる
 unsociable[形],非社交的な
 unveil[動],発表する、公表する、覆いを取る
 unwanted[形],望まれていない、不要の
 unwittingly[副],無意識に、知らず知らずに
 upbringing[名],（子供の）養育、しつけ
 upcoming[形],今度の、来たるべき
 update[動],最新のものに更新する
 update[名],最新情報
 upgrade[動],等級を上げる、品質を改良する、格上げする
 upgrade[名],改良、アップグレード
 upheaval[名],大変動、激変
 uphold[動],維持する、守る
 upscale[形],高所得者向けの、高級な
 upstage[動],（共演者）より自分を目立たせる
 uptight[形],神経質な、ピリピリした
 upturn[名],好転、上昇
 urban[形],都市の、都会の
 urge[動],せきたてる、強く促す
 urge[名],衝動、本能
 urgency[名],緊急
 usher[動],案内する
 utensil[名],家庭(台所)用品
 utility[名],(複)（水道、ガスなどの）公益事業
 utility[形],多用途の
 utmost[形],最大限の、最高の
 utterance[名],口に出すこと、発言、発声
 vacant[形],空いている、使われていない
 vacate[動],立ち退く、明け渡す、辞任する
vaccine[名],ワクチン
 valid[形],妥当な、有効な、正当な
 validate[動],妥当性を立証する、法的に有効にする
 validation[名],立証、公認
 validity[名],妥当性、効力
 valuation[名],査定、評価額
 vandalism[名],(公共物の)破壊、器物損壊
 vandalize[動],（故意に）破壊する
 variable[形],変わりやすい、移り気な
 vary[動],変動する、さまざまである
 vast[形],広大な、非常に大きな
 vault[動],跳ねる、飛び越える
 vault[名],金庫室、地下納骨室、丸天井
 vegetation[名],植物、植生
 veil[名],ベール、覆い隠すもの
 ventilation[名],換気、風通し
 venture[名],冒険、冒険的事業
 venue[名],開催地、会場
 verbal[形],言葉の、口頭の
 verify[動],証明する、確認する、検証する
 versatile[形],多才な、多用途の、融通が利く
 verse[名],韻文
 vessel[名],船、大型船、船舶
 viable[形],実現可能な、実行可能な、存続可能な
 vibrant[形],響き渡る、反響する、活気に満ちた
 vicinity[名],近隣、付近
 vicious[形],悪い、悪徳の、凶暴な
 vigorous[形],精力的な、活力にあふれた、積極的な
 violate[動],違反する
 violation[名],違反
 virtually[副],事実上、実際上、ほとんど
 virtue[名],美徳、長所
 virtuous[形],有徳の、貞淑な
 virus[名],ウイルス
 vital[形],きわめて重要な、不可欠の、生命に関する
 vivid[形],鮮明な、鮮やかな、生き生きとした
 vocation[名],天職
 vocational[形],職業の
 void[名],喪失感、真空空間
 void[形],無効の、空っぽの
 voluntarily[副],自発的に、自主的に
 vomit[動],吐く、嘔吐する
 voucher[名],引換券
 vow[動],誓う、公約する、断言する
 vulgar[形],下品な、低俗な
 vulnerable[形],弱い、傷つきやすい
 wage[名],賃金
 warehouse[名],倉庫
 warrant[動],保証する、正当な理由となる
 warranty[名],保証、保証書
 watchful[形],用心深い
 wealth[名],富、財産、豊富さ
 weary[形],疲れ果てた、うんざりした
 weld[動],溶接する
 welfare[名],福祉、福利厚生、幸福
 well-being[名],福祉、健康で安心なこと
 well-off[形],裕福な
 whereas[接],～だが一方、～であるのに対して
 whine[動],泣く、泣きごとを言う
 wholesale[副],卸売り（値）で
 wholesale[形],卸の、大量の
 wholesome[形],健康に良い、健康的な
 wholly[副],完全に、すっかり
 widespread[形],広範囲にわたる、広く普及した
 withdraw[動],（現金を）引き出す、撤退する
 withdrawal[名],撤回、撤退、離脱
 wither[動],しおれる、弱まる
 withhold[動],保留する、知らせずにおく、（税金などを）差し引く、差し控える、抑える
 withstand[動],抵抗する、持ちこたえる、逆らう、耐える
 witless[形],知恵のない、愚かな
 witness[動],目撃する、直面する、経験する
 witness[名],目撃者、証人
 witty[形],機知に富んだ
 workforce[名],労働力、全従業員、労働人口
 workout[名],トレーニング、運動、体操
 workplace[名],職場、作業場
 worsen[動],悪化する、悪化させる
 wreck[名],難破、難破船、残骸
 wretched[形],みじめな、みすぼらしい
 yardstick[名],基準、尺度
 yearn[動],切望する
 yield[動],～をもたらす、産出する
 yield[名],収穫高、生産量、収益
 zeal[名],熱意
