abandon[動],断念する、捨てる、見捨てる
 absent[形],欠席の、不在の
 absolute[形],全くの、絶対の、完全な
 absurd[形],ばかげた、道理に合わない
 abuse[名],悪用、濫用
 accept[動],受け入れる、認める、受け取る
 acceptance[名],承諾、引き受け、容認
 access[動],アクセスする、接続する
 access[名],接近（方法）、入手/利用する機会
 accord[名],一致
 account[名],（銀行）口座、（～s）勘定、会計、（コンピューターの）アカウント
 accuracy[名],正確さ、精度
 acid[名],酸
 acquisition[名],獲得、習得
 actual[形],実在の、現実の、実際の
 actually[副],実際は、実は、本当は
 adapt[動],適応する、適応させる
 add[動],加える
 additional[形],追加の、追加的な
 address[動],～（問題など）に取り組む/対処する、～（問題など）を取り扱う
 adjust[動],調整する、順応する、適応する
 admire[動],賞賛する、感心する
 admit[動],認める
 advertisement[名],広告、宣伝
 adviser[名],忠告者、助言者、アドバイザー
 advocate[動],提唱する、支持する、推奨する、弁護する
 afford[動],～をする（買う）余裕がある
 afterward(s)[副],後で、後ほど、その後
 agriculture[名],農業
 ahead[副],前に／へ、先に／へ
 aid[名],援助、助力
 alert[形],警戒して、油断のない、注意を怠らない
 alternative[名],代替物、代替手段、代案
 amazing[形],驚くべき、素晴らしい
 amuse[動],面白がらせる
 analyze[動],分析する
 ancestor[名],祖先、先祖
 anger[名],怒り
 angle[名],角度、角
 announcement[名],告知、発表、案内
 annoy[動],悩ませる、いらいらさせる
 annual[形],年次の、毎年の、年に1回の
 anxious[形],心配して、切望して
 anywhere[副],どこへでも、どこにも
 apologize[動],謝る
 apparently[副],外見上、見たところでは、明らかに
 appeal[名],要請、懇願
 application[名],利用、活用、応用
 application[名],応募、応募書類、申請
 apply[動],適用する、当てはめる、応用する
 appoint[動],指名する、任命する
 approximately[副],およそ、約～
 architect[名],建築家
 armchair[名],肘掛けいす
 army[名],軍隊、陸軍
 article[名],記事、論文
 artist[名],芸術家
 aspect[名],様相、側面
 asset[名],資産、財産
 assume[動],推定する、想定する、みなす、思い込む
 atmosphere[名],雰囲気
 attachment[名],付属品、添付ファイル
 attention[名],注意、留意、注目
 author[名],作家、著者
 average[形],平均の、普通の
 avoid[動],避ける、回避する
 award[動],（賞を）授与する
 background[名],背景、経歴
 balance[名],均衡、釣り合い、バランス
 balcony[名],バルコニー
 ballerina[名],バレリーナ
 base[名],基地
 basis[名],基礎、根拠
 bear[動],耐える、我慢する
 beginning[名],始まり
 belly[名],腹、腹部
 beneficial[形],有益な、役に立つ
 besides[前],～に加えて、～のほかに
 bet[動],きっと～だと思う
 bicycle[動],自転車に乗る、自転車で行く
 bloom[名],花、開花、花盛り
 blush[動],赤面する
 booming[形],（市場、企業などが）好景気の
 boost[動],上昇させる、高める、促進する
 bored[形],退屈した
 bother[動],困らせる、面倒をかける、邪魔をする
 bounce[動],はずむ、跳ねあがる
 bow[動],おじぎする
 branch[名],枝、支流
 brand[名],ブランド、銘柄
 bravery[名],勇敢さ
 Brazil[名],ブラジル
 breast[名],乳房、胸
 breed[名],品種、（動、植物の）種類
 briefly[副],手短に、要するに
 broad[形],（幅が）広い
 broaden[動],広くする、広げる
 broadly[副],大まかに、一般的に、広く
 bulletin[名],掲示、掲示板
 bury[動],埋める、埋葬する
button[名],ボタン
 campus[名],大学の構内
 cash[名],現金
 cast[動],投じる、投げかける、捨てる
 cause[名],原因
 caution[名],用心、警戒、注意
 celebration[名],お祝い、祝賀
 certain[形],確信している、疑いを持たない
 chairman[名],議長、司会者
 championship[名],選手権、決勝戦、選手権大会
 channel[名],チャンネル、海峡、経路、ルート
 chaos[名],混沌、大混乱
 character[名],個性、特性、性格
 characteristic[名],特徴、特性
 chat[動],雑談をする
 cheat[動],カンニングする、ごまかす
 cheer[動],励ます、元気づける
 cheerful[形],陽気な、機嫌のいい、快活な
 chemical[名],化学物質（薬品）
 chief[形],主な、最高位の
 childhood[名],子供のころ、児童期
 chip[名],小片、破片、ポテトチップス
 choice[名],選択、選択肢
 civil[形],市民の
 civilian[名],（軍人ではない）一般市民、文民
 civilization[名],文明
 classical[形],古典的な、正統派の、（音楽が）クラシックの
 clearly[副],明らかに、はっきりと
 clerk[名],事務員、店員
 client[名],顧客、依頼人
 closely[副],緊密に、接近して
 coal[名],石炭
 colony[名],群落、植民地
 combined[形],共同の、連合の
 comet[名],彗星
 comfort[名],快適さ
 comfortable[形],快適な
 commercial[形],商業の
 communication[名],（情報の）やりとり、意思伝達
 competitiveness[名],（製品などの）競争力
 complement[名],補完物、補足物、総定員数
 comprehensive[形],包括的な、広範囲な
 concentration[名],集中
 concept[名],コンセプト、概念、構想
 concern[動],心配させる、関心を持たせる
 concern[動],影響する、関与する、関係する
 consequence[名],結果、成り行き、影響
 conservative[形],保守的な
 consistently[副],首尾一貫して、常に
 consult[動],相談する、参照する
 consultant[名],コンサルタント、顧問
 consumption[名],消費
 contain[動],含む、包含する
 contemporary[形],現代の、現代的な
 content[名],中身、内容
 context[名],前後関係、文脈、状況
 continent[名],大陸
 continental[形],大陸の、大陸性の
 continue[動],続く、続ける
 contract[動],（協定など）を結ぶ、契約する
 contract[名],契約、契約書
 contrary[形],反対の
 controversy[名],論争
 conventional[形],伝統的な、因習的な、従来の
 conviction[名],確信、有罪判決
 coordinate[動],統合する、まとめる、調整する
 correct[形],正しい、正確な
 correspond[動],一致する、調和する
 cottage[名],小別荘
 counsel[動],助言（忠告）する
 counter[動],反論する
 courage[名],勇気、度胸
 creation[名],創造
 creativity[名],創造（独創）力（性）
 criminal[名],犯罪者
 crisis[名],危機
 critic[名],評論家、批評家、批判する人
 criticism[名],批判、批評
 criticize[動],批評する、批判する
 cross[動],横切る、渡る、交差させる
 crow[名],カラス
 crucial[形],重要な、決定的な
 crystal[名],結晶、水晶
 cure[動],（病気などを）治す
 curiosity[名],興味、好奇心
 curved[形],湾曲した
 dark[形],暗い、（色が）濃い、浅黒い
 dash[動],突進する
 deadly[形],命取りになる、死の危険がある
 deal[名],取引、契約
 decade[名],10年、10年間
 deceive[動],騙す、欺く
 declare[動],申告する
 decline[名],減退、減少
 decorate[動],飾る、装飾する
 decrease[名],減少
 defensive[形],防御（防衛）の、守備の
 deficit[名],赤字
 definition[名],定義
 deliberately[副],故意に
delight[名],喜び、楽しみ
 dense[形],密集した、密度の高い、濃い
 dental[形],歯の、歯科（用）の
 depress[動],憂鬱にさせる
 depression[名],不況
 deprive[動],奪う
 desire[動],強く望む
 desperate[形],（人、努力が）必死の
 destiny[名],運命、宿命
 detect[動],見つける、検出する、発見する
 detective[名],探偵、刑事
 developer[名],宅地開発業者、開発者
 developing[形],発展（開発）途上の（にある）
 development[名],発達、発展、開発
 device[名],装置、機器
 differ[動],異なる
 difficulty[名],困難、難しさ
 dignity[名],尊厳、威厳
 directly[副],直接に、じかに、寄り道せずに、ちょうど
 disability[名],（身体、精神の）障害
 disadvantage[名],不利、損失、不都合なこと
 disaster[名],大惨事、大災害
 dislike[名],嫌悪、反感、嫌いなもの
 display[動],表示する、展示する、見せる
 distinguish[動],見分ける、区別する、識別する
 district[名],地区、区域
 dive[名],飛び込み、潜水、急降下
 diverse[形],多様な
 divine[形],神聖な
 division[名],分割、分裂、相違
 donate[動],寄付する、寄贈する
 donation[名],寄付、寄贈
 double[動],倍になる、倍にする
 drain[動],（液体を）流出させる、力を消耗させる
 draw[動],（線で）描く、線を引く
 drip[動],ポタポタ落ちる、したたる、ポタポタ落とす
 drive[動],車で送る
 drive[動],駆り立てる、駆動する、動作させる
 drop[動],落ちる、減少する、落とす
 dull[形],面白くない、単調な、退屈な、頭の鈍い、くすんだ
 duty[名],義務、任務、関税
 earthquake[名],地震
 ease[名],楽、安楽、容易さ
 echo[名],残響、エコー
 ecology[名],生態学、自然環境
 edge[名],縁、端、周辺
 edition[名],（本などの）版
 effect[名],効果、影響
 elderly[形],高齢の、（the ～）高齢者
 election[名],選挙
 element[名],要素、元素
 embarrassed[形],ばつの悪い、当惑した、恥ずかしい
 emperor[名],皇帝、天皇
 emphasis[名],強調、重点
 empire[名],帝国
 employ[動],雇う、用いる
 employer[名],雇い主、雇用者
 enable[動],可能にする
 encounter[名],邂逅、出会い
 engine[名],エンジン
 enhance[動],（価値、能力などを）高める、向上させる、
 enormously[副],非常に、極端に
 enroll[動],登録する、入会する
 enter[動],（～に）入る、参加する
 entire[形],全体の、全部の
 entirely[副],全く、完全に
 envy[動],羨ましく思う
 equally[副],同程度に、等しく
 equivalent[形],等しい、相当する、同等の
 era[名],時代、年代
 escape[動],逃げる、～をまぬがれる
 establishment[名],設立
 estate[名],財産、地所
 ethnic[形],民族の、人種の
 evident[形],明らかな、明白な
 examine[動],審査する、診察する、調査する
 example[名],例
 excessive[形],過度の、極端な
 exchange[名],為替、交換、取り引き
 exercise[動],働かせる、行使する
 exhausting[形],（仕事などが人を）極度に疲れさせる
 exhibit[動],展示する
 exile[名],亡命（者）、国外追放(者）
 exist[動],存在する、生存する
 existence[名],存在、実在
 expectation[名],予期、期待
 expedition[名],遠征（隊）、探検
 experience[動],経験する
 expert[名],専門家、達人
 exploration[名],探検、探査
 explorer[名],探検家
 explosion[名],爆発、破裂
 export[動],輸出する
 expression[名],表現、言い回し
 extend[動],延長する、伸ばす、広げる
 extreme[形],極端な
 eyebrow[名],眉、眉毛
 facility[名],設備、施設
 factor[名],要因、要素
 fall[名],崩壊、没落、陥落
fame[名],名声
 fare[名],（交通機関の）運賃
 farmer[名],農場主、農場経営者
 fear[動],恐れる、怖がる
 female[形],女性の、雌の
 fever[名],熱
 fieldtrip[名],実地見学、実地調査、遠足
 fierce[形],猛烈な、激しい、どう猛な
 figure[名],数字、数字の桁
 figure[名],姿、形状、体形
 finance[名],財政、財務、金融
 fine[名],罰金
 fire[動],首にする、解雇する
 fireplace[名],暖炉
 firstly[副],まず第１に
 fiscal[形],財政の、会計の
 fish[動],魚を捕らえる、釣りをする
 fishing[名],魚釣り
 flashlight[名],懐中電灯
 fleet[名],艦隊、船団
 floor[名],床、階、フロア
 flow[動],流れる
 fluent[形],流暢な
 fly[名],ハエ、（釣りの）毛鉤、フライ
 fog[名],霧
 fold[動],（紙などを）折り畳む、折り重なる
 folk[形],民衆の、民族的な
 following[形],次の、次に続く
 fork[名],フォーク、フォーク状のもの、二股
 formal[形],形式に則った、正式の、形式的な
 formality[名],形式的な行為、形式の尊重
 fraud[名],詐欺、不正行為
 frequent[形],頻繁な、よく起こる
 fresh[形],新鮮な、新たな
 frighten[動],怖がらせる、おびえさせる
 frown[動],顔をしかめる、眉をしかめる
 fully[副],十分に、完全に
 furthermore[副],おまけに、さらに、その上
 future[名],未来、将来
 future[形],未来の
 gas[名],ガソリン
 gather[動],集まる、集める
 gaze[動],じっと見る、凝視する
 generally[副],概して、たいてい、一般的に
 German[名],ドイツ語、ドイツ人
 German[形],ドイツ（人（語））の
 gesture[名],身ぶり
 glimpse[名],ちらりと見ること
 glove[名],手袋
 govern[動],統治する、管理する、支配する
 government[名],政府、政府機関
 governor[名],知事、総督
 grab[動],つかむ
 grace[名],優美、優雅
 graceful[形],優雅な、上品な、しとやかな
 grade[名],（品質などの）等級、成績、（小中高通じての）学年
 graduate[動],卒業する
 grain[名],穀物、粒子
 grateful[形],感謝している
 grave[形],重大な、荘重な
 greenhouse[名],温室
 gross[形],総計の
 guarantee[動],保証する
 guess[動],推測する
 guidance[名],指導、案内
 handle[動],扱う、処理する
 handy[形],扱いやすい、便利な
 harbor[名],港
 haunt[動],（幽霊などが）出没する、つきまとう
 hawk[名],鷹、タカ派
 heap[名],積み重ね、（積み重なった）山
 heaven[名],天国
 heighten[動],～を増加させる、～を高める
 herb[名],ハーブ、香草
 hero[名],英雄、ヒーロー、主人公
 hide[動],隠す、隠れる
 hillside[名],丘の斜面、山腹
 hilly[形],丘の多い、起伏の多い
 honor[動],名誉を与える、尊敬する、（契約などを）守る
 horrible[形],恐ろしい、非常に嫌な
 however[副],しかしながら、けれども、どんなに～でも
 hugely[副],大いに、非常に
 human being(s)[名],人、人間
 hunt[動],狩りをする
 hurdle[名],障害物、ハードル
 hurt[動],けがをさせる、傷つける
 hut[名],小屋、あばら屋
 icy[形],氷のように冷たい、氷の、氷で覆われた
 ideal[形],理想的な、望ましい
 identical[形],同一の
 identification[名],身分証明書、特定
 ignorance[名],無知、知らないこと
 illness[名],病気
 image[名],像、画像、イメージ
 imagine[動],想像する
 immigrant[名],（外からの）移民、移住者
 implement[動],実行する、実践する
 impossible[形],不可能な、ありえない
 inadequate[形],不十分な、不適格な
 incorporate[動],合体させる、組み入れる
increasingly[副],ますます、次第に
 indeed[副],実に、本当に
 industry[名],産業、工業、事業
 inevitable[形],不可避の、必然的な
 infant[名],幼児、乳児
 informal[形],形式ばらない、略式の、非公式の
 inhabit[動],～に住んでいる、生息する
 initiate[動],始める、開始する、着手する
 innocent[形],無実の、無罪の、無邪気な
 insect[名],昆虫
 inside[名],内側
 insight[名],洞察、見識、洞察力
 insist[動],言い張る、主張する
 instance[名],例
 instant[形],即時の
 institutional[形],（公共）機関の、協会の、施設の
 instruction[名],指図、指示、説明（書）、指導
 insurance[名],保険
 intelligence[名],知能、知性
 interest[動],興味を抱かせる
 interest[名],利子、利息、利益、利害（関係）
 interfere[動],干渉する、介入する、邪魔する
 international[形],海外の、国際的な
 Internet[名],（theとともに用いて）インターネット
 interpretation[名],解釈
 intervention[名],介入
 invade[動],侵略する、侵入する
 invent[動],発明する、考え出す
 invest[動],投資する
 invisible[形],目立たない、目に見えない
 involve[動],必然的に伴う、必要とする
 Iran[名],イラン
 isolate[動],孤立させる、隔離する、分離する
 jaw[名],顎、下顎
 jealousy[名],嫉妬、焼きもち、ねたみ
 jewel[名],宝石
 journey[名],旅、旅行
 judge[名],裁判官、判事
 just[副],ちょうど、まさに、全く、（疑問詞の前で）いったい
 justice[名],公正、正義、司法
 key[形],主要な、重要な
 kilometer[名],キロメートル
 known[形],知られている
 ladder[名],はしご
 laptop[名],ラップトップ（型）コンピューター
 largely[副],主に、大部分は
 latter[形],後者の、lateの比較級
 lay[動],置く、横たえる
 lean[動],もたれる、寄りかかる、かがめる
 leap[動],跳ぶ、跳ねる
 learned[形],博学な
 leather[名],革（かわ）
 lecture[名],講義
 less[形],より少ない、little の比較級
 let[動],～するのを許す、～させる
 liberal[形],自由主義の、進歩的な、気前の良い
 lie[動],横になる、横たわる、置かれてある
 lifestyle[名],生き方、生活スタイル
 likely[形],ありそうな、起こりそうな、～しそうだ
 lily[名],ユリ
 literally[副],文字通り
 literature[名],文学、文献
 litter[名],（公共の場の）ごみ
 living[形],生きている
 load[名],重荷、負荷、荷物、積み荷
 local[形],地元の、地域の
 lone[形],独りきりの、唯一の
 long-term[形],長期の、長期間の
 loose[形],ゆるい、だぶだぶの
 lord[名],主人、封建領主、神
 loss[名],損失、失うこと
 lost[形],失われた、負けた
 lower[形],下の
 lung[名],肺
 mainland[名],本土
 maintain[動],維持する、保つ
 major[名],専攻科目
 majority[名],大多数、過半数
 mammal[名],哺乳類、哺乳動物
 management[名],管理、経営
 map[名],地図
 mark[動],マークする、印を付ける、記録する
 material[名],材料、資料、題材
 mathematical[形],数学の
 matter[名],問題、事柄
 meal[名],食事
 measure[名],目安、ものさし、（測定の）単位
 mechanical[形],機械の
 memory[名],記憶（力）、思い出
 mid[形],中間の、中頃の
 mill[名],工場、製作所、製粉場
 mine[動],採掘する、掘る
 missile[名],ミサイル
 mission[名],使命、任務使節（団）
 mister[名],～さん、～氏
 mixed[形],（異なるものが）混じり合った
 mode[名],方式、様式
 modest[形],謙虚な、控えめな、地味な
 moment[名],瞬間、時、今
 monitor[動],監視する、観測する
moreover[副],その上、さらに、加えて
 move[名],動き、処置、手段、引っ越し
 moving[形],感動的な
 multiply[動],増殖する、増大する、掛け算をする
 murder[名],殺人
 murderer[名],殺人者
 nail[名],爪
 narrow[動],(範囲など)を狭くする
 naval[形],海軍の
 nearly[副],ほぼ、ほとんど、だいたい
 negative[形],否定の、否定的な、悲観的な、負の
 neighborhood[名],近所、近隣、地域
 nephew[名],甥
 nerve[名],神経
 network[名],放送網、通信網、道路網、ネットワーク
 nevertheless[副],それにもかかわらず
 noble[形],高貴な、崇高な、
 nonetheless[副],それにもかかわらず
 nothing[代],何も～ない
 notion[名],概念、観念、考え
 novel[形],目新しい、斬新な
 nutrition[名],栄養
 object[名],物体、対象
 objective[形],客観的な、偏見のない
 obstacle[名],障害（物）、邪魔なもの
 obvious[形],明らかな、明白な
 occupation[名],職業
 offence[名],違反、反則
 officer[名],役人、幹部、警官
 official[名],役人、公務員
 opera[名],歌劇、オペラ
 opposition[名],反対、反対の声
 order[名],命令、注文、注文品
 organization[名],組織、団体、組織化
 outdoor[形],戸外の
 outline[動],要点/概略を述べる
 outstanding[形],極めて優れた、際立った
 overwhelming[形],圧倒的な
 overwork[名],働きすぎ、過労
 owe[動],支払う義務がある、借金がある
 owner[名],所有者
 package[名],小包
 pact[名],約束、契約
 painter[名],画家、塗装工
 palm[名],手のひら
 part-time job[名],アルバイト
 particularly[副],特に、特別に、とりわけ
 partner[名],パートナー、相手
 passage[名],文章、一節、引用された部分
 passerby[名],通行人
 passionate[形],情熱的な、熱烈な
 past[名],過去
 past[形],過去の
 pat[動],ぽんとたたく、軽くたたく
 patent[名],特許（権）、特許品
 pause[名],一時休止、間、一息
 pay[動],得になる、報われる、割に合う
 peninsula[名],半島
 perfection[名],完全、完璧、極致
 perform[動],行う、演じる、演奏する
 performance[名],演技、演奏、実行
 perhaps[副],ことによると、ひょっとしたら、たぶん
 permission[名],許可、承認
 persist[動],固執する、（習慣などが）存続する
 pigeon[名],ハト
 pillar[名],柱、支柱
 pioneer[名],先駆者、開拓者
 pipe[名],管、パイプ、管楽器
 pitch[名],（音声の）高低、調子
 pitcher[名],投手
 place[動],置く
 planned[形],事前に計画された
 plentiful[形],沢山の、豊富な、十分な
 plough[名],（英）（農具の）すき
 pond[名],池、沼
 population[名],人口、（動物の）個体数
 position[名],位置、場所
 possess[動],持っている、所有する
 possibly[副],ひょっとすると、もしかしたら
 postal[形],郵便の
 potential[名],潜在力、将来性、可能性
 potential[形],潜在的な、可能性を秘めた
 power[名],（政治的）権力
 praise[動],称賛する、褒めたたえる
 precede[動],（～に）先行する
 predict[動],予測する、予言する
 prefecture[名],県、府
 preparation[名],準備、用意
 prepare[動],準備する、用意する
 present[形],現在の
 presentation[名],発表、贈呈、提出
 pressing[形],緊急の、差し迫った
 prestige[名],名声、威信、威光
 prey[名],餌、獲物
 primary[形],第一の、主要な
 Prime Minister[名],首相、総理大臣
 private[形],私有の、私的な、非公開の、民間の
 process[動],処理する、加工する
 production[名],製造、生産、制作
 profession[名],（専門的な）職業
professional[形],専門の、職業上の、プロの
 professor[名],教授
 profile[名],人物紹介、プロフィール
 profound[形],深い、重大な
 program[動],プログラミングする、プログラムを作る／する、計画する
 prolong[動],延長する、長引かせる
 promote[動],促進する、昇進させる
 property[名],資産、財産、不動産
 proposal[名],提案、申込、プロポーズ
 prospect[名],見込み、将来性
 protector[名],保護者、保護するもの
 protein[名],たんぱく質
 protest[動],抗議する
 prove[動],～だとわかる、判明する、～になる
 psychology[名],心理学
 public[形],公の、公共の、公衆の
 publication[名],出版、公表、出版物
 publicly[副],公に
 publish[動],出版する、刊行する
 pudding[名],プリン、プディング
 puzzle[名],パズル、難問、謎、難題
 qualify[動],資格を与える
 quantity[名],量
 quit[動],やめる、去る、中止する
 quotation[名],引用
 quote[動],引用する、引き合いに出す
 racial[形],人種の、民族の
 radically[副],根本的に、徹底的に、急進的に
 raise[動],上げる、上昇させる、高くする、掲げる、取り上げる
 rank[動],順位を占める、位置する
 rank[名],地位、順位、等級
 rapidly[副],急速に、迅速に
 reach[動],到着する、届く、至る、達する、連絡を取る
 readily[副],簡単に、たやすく、快く
 reality[名],現実（性）
 rear[形],後方の
 receiver[名],受信機器、受取人
 reception[名],受理、迎え入れ、歓迎会、受付
 recruit[動],（新人など）募る、募集する、採用する
 refrain[動],差し控える
 refrigerator[名],冷蔵庫
 refugee[名],難民、避難者
 regional[形],地域の
 registration[名],登録
 regularly[副],定期的に、規則正しく
 regulation[名],規制、規則
 relaxing[形],くつろがせる、リラックスさせる
 release[動],放出する、発表する、解放する
 relief[名],安堵、安心、（苦痛などの）緩和/除去
 religion[名],宗教
 remarkably[副],著しく、目立って、驚くほど
 remind[動],気付かせる、思い出させる、再確認する
 remote[形],遠い、遠く離れた
 renew[動],更新する、延長する、修復する
 replacement[名],後任、交換、交換品
 resent[動],憤慨する
 reserve[動],予約する、取っておく、保有する
 residence[名],住居、住宅
 resident[名],住民、住人
resort to ～,（手段として）～に訴える、～にたよる
 respect[動],尊敬する、尊重する
 restriction[名],制限
 result[動],生じる、結果となる
 retail[名],小売
 retain[動],維持する、保つ
 retreat[動],退く、退却する
 revenue[名],収入、歳入
 reverse[形],反対の、逆の
 revise[動],修正する、改訂する
 reward[動],報いる、報酬を与える
 rhythm[名],リズム
 ridiculous[形],ばかばかしい、愚かな
 rise[動],昇る、上がる、増える
 rob[動],～から（金品を）奪う
 Roman[形],ローマ（人）の
 rough[形],ざらざらした、きめの粗い、荒い
 rude[形],無礼な、失礼な
 ruin[動],破滅させる、台無しにする
 ruin[名],遺跡、荒廃、破滅
 ruler[名],定規
 rumor[名],噂、風説
 sacred[形],神聖な
 sacrifice[動],犠牲にする
 sacrifice[名],犠牲
 sadly[副],悲しそうに、悲しいことに、悲しんで
 safe[形],安全な
 safety[名],安全、無事
 sail[動],航海する
 satisfaction[名],満足、喜び
 scenario[名],予定の計画、筋書き、脚本、思惑
 scene[名],景色、光景、場面
 schedule[名],予定（表）、スケジュール
 scrap[動],捨てる、廃棄する、解体する
 scream[動],叫び声/悲鳴をあげる
 sculpture[名],彫刻
 search[名],捜索、検索
 seaweed[名],海草、海藻
 security[名],安全保障、安全、防犯
 seed[動],種をまく
 seek[動],求める、探す
segment[名],部分、区切り
 seize[動],捕まえる、襲う、占拠する、奪う
 separate[形],分けられた、別々になった
 sequence[名],一連（のもの）、連続
 serious[形],深刻な、重大な、（病気が）重い
 service[名],奉仕、サービス
 setting[名],設定、背景、環境
 settle[動],解決する
 shape[名],形、姿
 share[動],共有する、分け合う
 share[名],(複数形で)株、株式
 sharp[副],きっかり、ぴったり、ちょうど
 sharply[副],急激に、急速に
 shiny[形],光る、磨かれた
 shore[名],海岸、湖岸
 shortcut[名],近道
 shot[名],一撃、（カメラで写した）一場面、発射
 sigh[動],ため息をつく
 sign[動],署名する、締結する
 significant[形],重要な
 sincere[形],誠実な、心からの
 sincerely[副],心から、本当に
 single[形],唯一の、単独の、独身の、一人用の
 skip[動],（順番などを）飛ばす、抜かす、（授業などを）さぼる、休む
 slave[名],奴隷
 slender[形],細身の、すらりとした
 slide[名],（映写機の）スライド
 slightly[副],わずかに、少し、ちょっと
 slippery[形],滑りやすい、つるつるした
 smell[動],～のにおいがする、～のにおいがわかる
 snap[動],ポキンと折れる、パチンと鳴らす
 sneeze[名],くしゃみ
 so-called[形],いわゆる
 social[形],社会の、社会的な、社会性の、社交的な、懇親の
 society[名],社会、世間
 soften[動],を柔らかくする、を和らげる
 softness[名],柔らかさ
 solar[形],太陽の、太陽光線を利用した
 soldier[名],兵士
 solve[動],解決する、（問題などを）解く
 someday[副],いつか、そのうち
 sophisticated[形],洗練された、教養のある、(機械などが)高性能な
 soul[名],魂、精神
 span[名],期間、継続時間
 speaker[名],演説者、話す人、講演者
 spectacular[形],壮観な、見事な、見ごたえのある
 spectrum[名],スペクトル、範囲
 speculation[名],（不確かな情報に基づく）推論、憶測
 split[動],分割する
 spoil[動],害する、台無しにする
 square[名],広場、公園
 stack[名],積み重ね、堆積、図書館の書架
 standing[形],立っている、動かない、流れない
 stare[動],じっと見る
 starvation[名],飢餓、餓死
 statement[名],声明（書）、（取引）明細書、陳述
 station[動],配置する
 statistics[名],統計、統計学
 steadily[副],着実に、確実に
 stick[動],くっつく、動けなくさせる
 sticky[形],粘着性の、ねばねばの、べとつく
 still[副],それにもかかわらず、それでも
 stock[名],株式
 stolen[形],盗まれた
 stove[名],こんろ、料理用レンジ
 strain[動],負担をかける、緊張させる
 strike[名],ストライキ、スト
 striking[形],著しい、際立った
 stroke[名],一撃、ひと打ち、ひとかき
 structure[名],構造（物）
 stupid[形],ばかな、愚かな
 submit[動],提出する
 subtle[形],微妙な、かすかな、気付きづらい
 success[名],成功
 suitable[形],適した、ふさわしい
 sunrise[名],日の出
 supply[動],供給する、提供する
 suppose[動],～だと思う、推測する、仮定する
 surrounding[名],（~s）周囲の状況、環境
 suspicion[名],疑い、疑惑、猜疑心
 swallow[動],飲み込む
 swell[名],膨らむこと、うねり、隆起
 swing[形],揺れる、揺れ動く、振動する
 switch[動],切り換える、交換する
 symptom[名],症状、徴候
 systematic[形],体系的な、組織的な
 table[名],表
 tablet[名],錠剤、タブレット（型コンピューター）
 talks[名],（数日間にわたる）会談
 tank[名],水槽、タンク、戦車
 taste[名],味、味覚
 tax-free[形],非課税の
 tear[動],裂く、裂ける
 teenager[名],10代の少年少女（１３～１９歳）
 temple[名],寺院、神殿
 temporary[形],一時的な、臨時の
 temptation[名],誘惑
 tend[動],（～する）傾向がある（to do）
 terminal[形],末期の、最後の
 thank[動],感謝する
 therapy[名],療法、セラピー
 therefore[副],それゆえ、したがって
 throat[名],のど
 tie[名],つながり、関係、絆
 time[名],（歴史上の）時代（主に～s）
 tissue[名],（生物の）組織
 tortoise[名],陸ガメ
 tough[形],骨の折れる、難しい
 tourist[名],観光旅行者（客）、ツーリスト
 track[動],追及する、跡をたどる
 traditional[形],伝統的な、従来の
 tragedy[名],悲劇、惨事
 transition[名],移り変わり、変遷、移行
 transportation[名],交通手段、輸送（機関）
 trap[動],閉じ込める、追い込む、罠でとらえる
 travel[動],行く、移動する、旅行する
 travel[名],（遠方への）旅、旅行
 treat[動],扱う、待遇する、処理する、手当する、治療する
 trick[名],いたずら、策略、手品、技、芸
 trouble[動],悩ます
 truck[名],貨物自動車、トラック
 trust[動],信用する、信頼する
 tune[名],曲、楽曲、メロディー
 typically[副],一般的に、典型的に、通常
 unbeatable[形],無敵の、負かすことのできない
 uncertain[形],不確かな
 uncertainty[名],不確実、確信のなさ、不安定
 underground[形],地下の
 undoubtedly[副],確かに
 unemployment[名],失業
 unfamiliar[形],不慣れな、よく知らない
 United Kingdom[名],（the ～）英国
 united[形],団結した、連合した
 universal[形],普遍的な
 unlike[前],～と違って
 unlikely[形],ありそうもない、起こりそうもない
 unpleasant[形],不愉快な、不快な、嫌な
 unsatisfactory[形],不満足な、不十分な
 upstairs[副],上の階に／で、階上へ
 upward[副],上の方へ
 upward[形],上向きの、増加傾向にある
 USA[名],（the ～）アメリカ合衆国
 vacuum[名],真空
 vague[形],あいまいな、漠然とした
 vain[形],無駄な、無益な、無意味な、
 value[名],価値、値
 vanish[動],消滅する、消えてなくなる、突然見えなくなる
 varied[形],多様な
 vary[動],変動する、さまざまである
 view[動],見る、みなす
 vigorous[形],精力的な、活力にあふれた、積極的な
 virus[名],ウイルス
 visitor[名],訪問者
 vitamin[名],ビタミン
 vocabulary[名],語彙
 vocal[形],声の、音声の、発声の
 volunteer[動],ボランティアをする、進んで事に当たる
 vulnerable[形],弱い、傷つきやすい
 wait[動],給仕する
 warn[動],警告する、注意する
 weaken[動],衰弱させる、弱める、薄める
 wealth[名],富、財産、豊富さ
 wealthy[形],裕福な
 web[名],クモの巣、網状組織、（インターネットの）ウェブ
 well[名],井戸
 western[形],西の、西部の、西洋の
 whereas[接],～だが一方、～であるのに対して
 whisper[動],ささやく
 willing[形],（～することを）いとわない、快く～する
 work-related[形],仕事関連の
 working[名],労働
 workshop[名],講習会、研修会
 worry[動],心配する、心配させる
 worth[形],～の価値がある
 worthy[形],（～に）値して、立派な、価値のある
 wound[名],きず、けが
 youth[名],若者、若い人、若さ
 ～-story[名],～階建て（の建物）
